id,lat,lon,alt,eph,epv,fix
SIO02-3,49.43035125732422,11.08081436157227,331.66665649414062,0.600000,0.900000,2
SIO02-3,49.43034362792969,11.08085918426514,331.50000000000000,0.600000,0.900000,2
SIO02-3,49.43034362792969,11.08085918426514,331.50000000000000,0.600000,0.900000,2
SIO02-3,49.43033599853516,11.08089542388916,331.50000000000000,0.600000,0.900000,2
SIO02-3,49.43033599853516,11.08089542388916,331.50000000000000,0.600000,0.900000,2
SIO02-3,49.43033218383789,11.08092403411865,331.33331298828125,0.500000,0.900000,2
SIO02-3,49.43033218383789,11.08092403411865,331.33331298828125,0.500000,0.900000,2
SIO02-3,49.43032836914062,11.08094406127930,331.33331298828125,0.500000,0.800000,2
SIO02-3,49.43032836914062,11.08094406127930,331.33331298828125,0.500000,0.800000,2
SIO02-3,49.43032836914062,11.08095550537109,331.33331298828125,0.500000,0.800000,2
SIO02-3,49.43032836914062,11.08095550537109,331.33331298828125,0.500000,0.800000,2
SIO02-3,49.43032836914062,11.08096027374268,331.33331298828125,0.500000,0.800000,2
SIO02-3,49.43032836914062,11.08096027374268,331.33331298828125,0.500000,0.800000,2
SIO02-3,49.43032836914062,11.08096122741699,331.33331298828125,0.500000,0.800000,2
SIO02-3,49.43032836914062,11.08096122741699,331.33331298828125,0.500000,0.800000,2
SIO02-3,49.43032836914062,11.08096122741699,331.33331298828125,0.500000,0.800000,2
SIO02-3,49.43032836914062,11.08096122741699,331.33331298828125,0.500000,0.800000,2
SIO02-3,49.43032836914062,11.08096122741699,331.33331298828125,0.500000,0.800000,2
SIO02-3,49.43032836914062,11.08096122741699,331.33331298828125,0.500000,0.800000,2
SIO02-3,49.43032836914062,11.08096122741699,331.33331298828125,0.500000,0.800000,2
SIO02-3,49.43032836914062,11.08096122741699,331.33331298828125,0.500000,0.800000,2
SIO02-3,49.43032836914062,11.08096218109131,331.50000000000000,0.500000,0.800000,2
SIO02-3,49.43032836914062,11.08096218109131,331.50000000000000,0.500000,0.800000,2
SIO02-3,49.43032836914062,11.08096218109131,331.50000000000000,0.500000,0.800000,2
SIO02-3,49.43032836914062,11.08096218109131,331.50000000000000,0.500000,0.800000,2
SIO02-3,49.43032836914062,11.08096313476562,331.50000000000000,0.500000,0.800000,2
SIO02-3,49.43032836914062,11.08096313476562,331.50000000000000,0.500000,0.800000,2
SIO02-3,49.43032836914062,11.08096313476562,331.50000000000000,0.500000,0.800000,2
SIO02-3,49.43032836914062,11.08096313476562,331.50000000000000,0.500000,0.800000,2
SIO02-3,49.43032836914062,11.08096408843994,331.50000000000000,0.500000,0.800000,2
SIO02-3,49.43032836914062,11.08096408843994,331.50000000000000,0.500000,0.800000,2
SIO02-3,49.43032836914062,11.08096408843994,331.50000000000000,0.500000,0.800000,2
SIO02-3,49.43032836914062,11.08096408843994,331.50000000000000,0.500000,0.800000,2
SIO02-3,49.43032836914062,11.08096408843994,331.50000000000000,0.500000,0.800000,2
SIO02-3,49.43032836914062,11.08096408843994,331.50000000000000,0.500000,0.800000,2
SIO02-3,49.43032836914062,11.08096408843994,331.66665649414062,0.500000,0.800000,2
SIO02-3,49.43032836914062,11.08096408843994,331.66665649414062,0.500000,0.800000,2
SIO02-3,49.43032836914062,11.08096408843994,331.66665649414062,0.500000,0.800000,2
SIO02-3,49.43032836914062,11.08096408843994,331.66665649414062,0.500000,0.800000,2
SIO02-3,49.43032836914062,11.08096408843994,331.66665649414062,0.500000,0.800000,2
SIO02-3,49.43032836914062,11.08096408843994,331.66665649414062,0.500000,0.800000,2
SIO02-3,49.43032836914062,11.08096408843994,331.66665649414062,0.500000,0.800000,2
SIO02-3,49.43032836914062,11.08096408843994,331.66665649414062,0.500000,0.800000,2
SIO02-3,49.43032836914062,11.08096408843994,331.66665649414062,0.500000,0.800000,2
SIO02-3,49.43032836914062,11.08096408843994,331.66665649414062,0.500000,0.800000,2
SIO02-3,49.43032836914062,11.08096408843994,331.66665649414062,0.500000,0.800000,2
SIO02-3,49.43032836914062,11.08096408843994,331.66665649414062,0.500000,0.800000,2
SIO02-3,49.43032836914062,11.08096408843994,331.66665649414062,0.500000,0.800000,2
SIO02-3,49.43032836914062,11.08096408843994,331.66665649414062,0.500000,0.800000,2
SIO02-3,49.43032836914062,11.08096408843994,331.66665649414062,0.500000,0.800000,2
SIO02-3,49.43032836914062,11.08096408843994,331.66665649414062,0.500000,0.800000,2
SIO02-3,49.43032836914062,11.08096408843994,331.66665649414062,0.500000,0.800000,2
SIO02-3,49.43032836914062,11.08096408843994,331.66665649414062,0.500000,0.800000,2
SIO02-3,49.43032836914062,11.08096408843994,331.66665649414062,0.500000,0.800000,2
SIO02-3,49.43032836914062,11.08096408843994,331.66665649414062,0.500000,0.800000,2
SIO02-3,49.43032836914062,11.08096408843994,331.66665649414062,0.500000,0.800000,2
SIO02-3,49.43032836914062,11.08096408843994,331.66665649414062,0.500000,0.800000,2
SIO02-3,49.43032836914062,11.08096408843994,331.66665649414062,0.500000,0.800000,2
SIO02-3,49.43032836914062,11.08096408843994,331.66665649414062,0.500000,0.800000,2
SIO02-3,49.43032836914062,11.08096408843994,331.83334350585938,0.500000,0.800000,2
SIO02-3,49.43032836914062,11.08096408843994,331.83334350585938,0.500000,0.800000,2
SIO02-3,49.43032836914062,11.08096408843994,331.83334350585938,0.500000,0.800000,2
SIO02-3,49.43032836914062,11.08096408843994,331.83334350585938,0.500000,0.800000,2
SIO02-3,49.43032836914062,11.08096408843994,331.83334350585938,0.500000,0.700000,2
SIO02-3,49.43032836914062,11.08096408843994,331.83334350585938,0.500000,0.700000,2
SIO02-3,49.43032455444336,11.08096408843994,331.83334350585938,0.500000,0.700000,2
SIO02-3,49.43032455444336,11.08096408843994,331.83334350585938,0.500000,0.700000,2
SIO02-3,49.43032455444336,11.08096408843994,331.83334350585938,0.500000,0.700000,2
SIO02-3,49.43032455444336,11.08096408843994,331.83334350585938,0.500000,0.700000,2
SIO02-3,49.43032455444336,11.08096408843994,331.83334350585938,0.500000,0.700000,2
SIO02-3,49.43032455444336,11.08096408843994,331.83334350585938,0.500000,0.700000,2
SIO02-3,49.43032455444336,11.08096408843994,331.83334350585938,0.500000,0.700000,2
SIO02-3,49.43032455444336,11.08096408843994,331.83334350585938,0.500000,0.700000,2
SIO02-3,49.43032455444336,11.08096408843994,331.83334350585938,0.500000,0.700000,2
SIO02-3,49.43032455444336,11.08096408843994,331.83334350585938,0.500000,0.700000,2
SIO02-3,49.43032455444336,11.08096504211426,331.83334350585938,0.500000,0.700000,2
SIO02-3,49.43032455444336,11.08096504211426,331.83334350585938,0.500000,0.700000,2
SIO02-3,49.43032455444336,11.08096504211426,331.83334350585938,0.500000,0.700000,2
SIO02-3,49.43032455444336,11.08096504211426,331.83334350585938,0.500000,0.700000,2
SIO02-3,49.43032455444336,11.08096504211426,331.83334350585938,0.500000,0.700000,2
SIO02-3,49.43032455444336,11.08096504211426,332.00000000000000,0.500000,0.700000,2
SIO02-3,49.43032455444336,11.08096504211426,332.00000000000000,0.500000,0.700000,2
SIO02-3,49.43032455444336,11.08096504211426,332.00000000000000,0.500000,0.700000,2
SIO02-3,49.43032455444336,11.08096504211426,332.00000000000000,0.500000,0.700000,2
SIO02-3,49.43032836914062,11.08096504211426,332.00000000000000,0.500000,0.700000,2
SIO02-3,49.43032836914062,11.08096504211426,332.00000000000000,0.500000,0.700000,2
SIO02-3,49.43032836914062,11.08096504211426,332.00000000000000,0.500000,0.700000,2
SIO02-3,49.43032836914062,11.08096504211426,332.00000000000000,0.500000,0.700000,2
SIO02-3,49.43032836914062,11.08096408843994,332.00000000000000,0.500000,0.700000,2
SIO02-3,49.43032836914062,11.08096408843994,332.00000000000000,0.500000,0.700000,2
SIO02-3,49.43032836914062,11.08096408843994,332.00000000000000,0.500000,0.700000,2
SIO02-3,49.43032836914062,11.08096408843994,332.00000000000000,0.500000,0.700000,2
SIO02-3,49.43032836914062,11.08096408843994,332.00000000000000,0.500000,0.700000,2
SIO02-3,49.43032836914062,11.08096408843994,332.00000000000000,0.500000,0.700000,2
SIO02-3,49.43032836914062,11.08096504211426,332.16668701171875,0.500000,0.700000,2
SIO02-3,49.43032836914062,11.08096504211426,332.16668701171875,0.500000,0.700000,2
SIO02-3,49.43032836914062,11.08096504211426,332.16668701171875,0.500000,0.700000,2
SIO02-3,49.43032836914062,11.08096504211426,332.16668701171875,0.500000,0.700000,2
SIO02-3,49.43032836914062,11.08096504211426,332.16668701171875,0.500000,0.700000,2
SIO02-3,49.43032836914062,11.08096504211426,332.16668701171875,0.500000,0.700000,2
SIO02-3,49.43032836914062,11.08096504211426,332.16668701171875,0.500000,0.700000,2
SIO02-3,49.43032836914062,11.08096504211426,332.16668701171875,0.500000,0.700000,2
SIO02-3,49.43032836914062,11.08096504211426,332.16668701171875,0.500000,0.700000,2
SIO02-3,49.43032836914062,11.08096504211426,332.16668701171875,0.500000,0.700000,2
SIO02-3,49.43032836914062,11.08096504211426,332.16668701171875,0.500000,0.700000,2
SIO02-3,49.43032836914062,11.08096504211426,332.16668701171875,0.500000,0.700000,2
SIO02-3,49.43032836914062,11.08096504211426,332.16668701171875,0.500000,0.700000,2
SIO02-3,49.43032836914062,11.08096504211426,332.16668701171875,0.500000,0.700000,2
SIO02-3,49.43032836914062,11.08096408843994,332.16668701171875,0.500000,0.700000,2
SIO02-3,49.43032836914062,11.08096408843994,332.16668701171875,0.500000,0.700000,2
SIO02-3,49.43032836914062,11.08096408843994,332.16668701171875,0.500000,0.700000,2
SIO02-3,49.43032836914062,11.08096408843994,332.16668701171875,0.500000,0.700000,2
SIO02-3,49.43032836914062,11.08096408843994,332.16668701171875,0.500000,0.700000,2
SIO02-3,49.43032836914062,11.08096408843994,332.16668701171875,0.500000,0.700000,2
SIO02-3,49.43032836914062,11.08096408843994,332.33331298828125,0.500000,0.700000,2
SIO02-3,49.43032836914062,11.08096408843994,332.33331298828125,0.500000,0.700000,2
SIO02-3,49.43032836914062,11.08096408843994,332.33331298828125,0.500000,0.800000,2
SIO02-3,49.43032836914062,11.08096408843994,332.33331298828125,0.500000,0.800000,2
SIO02-3,49.43032836914062,11.08097171783447,332.16668701171875,0.500000,0.800000,2
SIO02-3,49.43032836914062,11.08097171783447,332.16668701171875,0.500000,0.800000,2
SIO02-3,49.43032455444336,11.08100605010986,332.33331298828125,0.500000,0.800000,2
SIO02-3,49.43032455444336,11.08100605010986,332.33331298828125,0.500000,0.800000,2
SIO02-3,49.43031692504883,11.08107089996338,332.33331298828125,0.500000,0.800000,2
SIO02-3,49.43031692504883,11.08107089996338,332.33331298828125,0.500000,0.800000,2
SIO02-3,49.43030929565430,11.08116340637207,332.50000000000000,0.500000,0.800000,2
SIO02-3,49.43030929565430,11.08116340637207,332.50000000000000,0.500000,0.800000,2
SIO02-3,49.43029785156250,11.08127593994141,332.66665649414062,0.500000,0.800000,2
SIO02-3,49.43029785156250,11.08127593994141,332.66665649414062,0.500000,0.800000,2
SIO02-3,49.43029022216797,11.08140182495117,332.83334350585938,0.500000,0.800000,2
SIO02-3,49.43029022216797,11.08140182495117,332.83334350585938,0.500000,0.800000,2
SIO02-3,49.43027496337891,11.08153343200684,333.00000000000000,0.500000,0.800000,2
SIO02-3,49.43027496337891,11.08153343200684,333.00000000000000,0.500000,0.800000,2
SIO02-3,49.43025970458984,11.08167171478271,333.33331298828125,0.500000,0.800000,2
SIO02-3,49.43025970458984,11.08167171478271,333.33331298828125,0.500000,0.800000,2
SIO02-3,49.43023300170898,11.08181953430176,333.33331298828125,0.500000,0.800000,2
SIO02-3,49.43023300170898,11.08181953430176,333.33331298828125,0.500000,0.800000,2
SIO02-3,49.43020248413086,11.08197402954102,333.66665649414062,0.500000,0.800000,2
SIO02-3,49.43020248413086,11.08197402954102,333.66665649414062,0.500000,0.800000,2
SIO02-3,49.43016815185547,11.08213043212891,333.66665649414062,0.500000,0.800000,2
SIO02-3,49.43016815185547,11.08213043212891,333.66665649414062,0.500000,0.800000,2
SIO02-3,49.43013381958008,11.08228492736816,333.83334350585938,0.500000,0.800000,2
SIO02-3,49.43013381958008,11.08228492736816,333.83334350585938,0.500000,0.800000,2
SIO02-3,49.43009567260742,11.08243942260742,333.83334350585938,0.500000,0.800000,2
SIO02-3,49.43009567260742,11.08243942260742,333.83334350585938,0.500000,0.800000,2
SIO02-3,49.43005752563477,11.08259487152100,334.16665649414062,0.500000,0.800000,2
SIO02-3,49.43005752563477,11.08259487152100,334.16665649414062,0.500000,0.800000,2
SIO02-3,49.43001556396484,11.08275318145752,334.33331298828125,0.500000,0.800000,2
SIO02-3,49.43001556396484,11.08275318145752,334.33331298828125,0.500000,0.800000,2
SIO02-3,49.42997741699219,11.08291149139404,334.50000000000000,0.500000,0.900000,2
SIO02-3,49.42997741699219,11.08291149139404,334.50000000000000,0.500000,0.900000,2
SIO02-3,49.42993545532227,11.08306694030762,334.66665649414062,0.500000,0.900000,2
SIO02-3,49.42993545532227,11.08306694030762,334.66665649414062,0.500000,0.900000,2
SIO02-3,49.42989349365234,11.08322143554688,334.83334350585938,0.500000,0.900000,2
SIO02-3,49.42989349365234,11.08322143554688,334.83334350585938,0.500000,0.900000,2
SIO02-3,49.42985534667969,11.08337497711182,335.16665649414062,0.500000,0.900000,2
SIO02-3,49.42985534667969,11.08337497711182,335.16665649414062,0.500000,0.900000,2
SIO02-3,49.42981338500977,11.08352279663086,335.33331298828125,0.500000,0.900000,2
SIO02-3,49.42981338500977,11.08352279663086,335.33331298828125,0.500000,0.900000,2
SIO02-3,49.42977523803711,11.08366394042969,335.66665649414062,0.500000,0.900000,2
SIO02-3,49.42977523803711,11.08366394042969,335.66665649414062,0.500000,0.900000,2
SIO02-3,49.42973709106445,11.08380031585693,335.50000000000000,0.500000,0.900000,2
SIO02-3,49.42973709106445,11.08380031585693,335.50000000000000,0.500000,0.900000,2
SIO02-3,49.42970275878906,11.08392906188965,335.50000000000000,0.500000,0.900000,2
SIO02-3,49.42970275878906,11.08392906188965,335.50000000000000,0.500000,0.900000,2
SIO02-3,49.42966461181641,11.08405017852783,335.66665649414062,0.500000,0.900000,2
SIO02-3,49.42966461181641,11.08405017852783,335.66665649414062,0.500000,0.900000,2
SIO02-3,49.42962646484375,11.08416557312012,335.66665649414062,0.500000,0.900000,2
SIO02-3,49.42962646484375,11.08416557312012,335.66665649414062,0.500000,0.900000,2
SIO02-3,49.42958450317383,11.08427619934082,335.83334350585938,0.500000,0.900000,2
SIO02-3,49.42958450317383,11.08427619934082,335.83334350585938,0.500000,0.900000,2
SIO02-3,49.42954635620117,11.08437728881836,336.00000000000000,0.500000,0.900000,2
SIO02-3,49.42954635620117,11.08437728881836,336.00000000000000,0.500000,0.900000,2
SIO02-3,49.42951583862305,11.08446502685547,336.00000000000000,0.500000,0.900000,2
SIO02-3,49.42951583862305,11.08446502685547,336.00000000000000,0.500000,0.900000,2
SIO02-3,49.42948913574219,11.08454418182373,336.16665649414062,0.500000,0.900000,2
SIO02-3,49.42948913574219,11.08454418182373,336.16665649414062,0.500000,0.900000,2
SIO02-3,49.42946624755859,11.08461570739746,336.33331298828125,0.500000,0.900000,2
SIO02-3,49.42946624755859,11.08461570739746,336.33331298828125,0.500000,0.900000,2
SIO02-3,49.42945098876953,11.08468151092529,336.50000000000000,0.500000,0.900000,2
SIO02-3,49.42945098876953,11.08468151092529,336.50000000000000,0.500000,0.900000,2
SIO02-3,49.42943191528320,11.08473777770996,336.66668701171875,0.500000,0.900000,2
SIO02-3,49.42943191528320,11.08473777770996,336.66668701171875,0.500000,0.900000,2
SIO02-3,49.42942047119141,11.08478355407715,336.66668701171875,0.500000,0.900000,2
SIO02-3,49.42942047119141,11.08478355407715,336.66668701171875,0.500000,0.900000,2
SIO02-3,49.42940902709961,11.08482360839844,336.66668701171875,0.500000,0.900000,2
SIO02-3,49.42940902709961,11.08482360839844,336.66668701171875,0.500000,0.900000,2
SIO02-3,49.42939758300781,11.08487129211426,336.66668701171875,0.500000,0.900000,2
SIO02-3,49.42939758300781,11.08487129211426,336.66668701171875,0.500000,0.900000,2
SIO02-3,49.42937850952148,11.08493518829346,336.66668701171875,0.500000,0.800000,2
SIO02-3,49.42937850952148,11.08493518829346,336.66668701171875,0.500000,0.800000,2
SIO02-3,49.42935562133789,11.08501243591309,336.50000000000000,0.500000,0.800000,2
SIO02-3,49.42935562133789,11.08501243591309,336.50000000000000,0.500000,0.800000,2
SIO02-3,49.42933273315430,11.08510112762451,336.66668701171875,0.500000,0.800000,2
SIO02-3,49.42933273315430,11.08510112762451,336.66668701171875,0.500000,0.800000,2
SIO02-3,49.42930603027344,11.08519554138184,336.66668701171875,0.500000,0.800000,2
SIO02-3,49.42930603027344,11.08519554138184,336.66668701171875,0.500000,0.800000,2
SIO02-3,49.42927932739258,11.08529090881348,336.83334350585938,0.500000,0.800000,2
SIO02-3,49.42927932739258,11.08529090881348,336.83334350585938,0.500000,0.800000,2
SIO02-3,49.42925643920898,11.08538246154785,337.00000000000000,0.500000,0.800000,2
SIO02-3,49.42925643920898,11.08538246154785,337.00000000000000,0.500000,0.800000,2
SIO02-3,49.42923355102539,11.08547019958496,337.00000000000000,0.500000,0.800000,2
SIO02-3,49.42923355102539,11.08547019958496,337.00000000000000,0.500000,0.800000,2
SIO02-3,49.42921447753906,11.08555507659912,337.16665649414062,0.500000,0.800000,2
SIO02-3,49.42921447753906,11.08555507659912,337.16665649414062,0.500000,0.800000,2
SIO02-3,49.42919921875000,11.08563518524170,337.16665649414062,0.500000,0.800000,2
SIO02-3,49.42919921875000,11.08563518524170,337.16665649414062,0.500000,0.800000,2
SIO02-3,49.42918777465820,11.08570957183838,337.16665649414062,0.500000,0.800000,2
SIO02-3,49.42918777465820,11.08570957183838,337.16665649414062,0.500000,0.800000,2
SIO02-3,49.42918014526367,11.08578300476074,337.33334350585938,0.500000,0.800000,2
SIO02-3,49.42918014526367,11.08578300476074,337.33334350585938,0.500000,0.800000,2
SIO02-3,49.42917251586914,11.08586502075195,337.66665649414062,0.500000,0.800000,2
SIO02-3,49.42917251586914,11.08586502075195,337.66665649414062,0.500000,0.800000,2
SIO02-3,49.42916488647461,11.08596420288086,337.83334350585938,0.500000,0.800000,2
SIO02-3,49.42916488647461,11.08596420288086,337.83334350585938,0.500000,0.800000,2
SIO02-3,49.42916107177734,11.08608055114746,338.16665649414062,0.500000,0.800000,2
SIO02-3,49.42916107177734,11.08608055114746,338.16665649414062,0.500000,0.800000,2
SIO02-3,49.42915725708008,11.08621501922607,338.50000000000000,0.500000,0.800000,2
SIO02-3,49.42915344238281,11.08636188507080,338.83334350585938,0.500000,0.800000,2
SIO02-3,49.42915344238281,11.08636188507080,338.83334350585938,0.500000,0.800000,2
SIO02-3,49.42915725708008,11.08651638031006,339.00000000000000,0.500000,0.800000,2
SIO02-3,49.42915725708008,11.08651638031006,339.00000000000000,0.500000,0.800000,2
SIO02-3,49.42916107177734,11.08667564392090,339.33334350585938,0.500000,0.800000,2
SIO02-3,49.42916107177734,11.08667564392090,339.33334350585938,0.500000,0.800000,2
SIO02-3,49.42916870117188,11.08684062957764,339.33334350585938,0.500000,0.800000,2
SIO02-3,49.42916870117188,11.08684062957764,339.33334350585938,0.500000,0.800000,2
SIO02-3,49.42917633056641,11.08700656890869,339.50000000000000,0.500000,0.800000,2
SIO02-3,49.42917633056641,11.08700656890869,339.50000000000000,0.500000,0.800000,2
SIO02-3,49.42918777465820,11.08717441558838,339.66668701171875,0.500000,0.800000,2
SIO02-3,49.42918777465820,11.08717441558838,339.66668701171875,0.500000,0.800000,2
SIO02-3,49.42920684814453,11.08734226226807,339.50000000000000,0.600000,0.900000,2
SIO02-3,49.42920684814453,11.08734226226807,339.50000000000000,0.600000,0.900000,2
SIO02-3,49.42922592163086,11.08751106262207,339.50000000000000,0.600000,0.900000,2
SIO02-3,49.42922592163086,11.08751106262207,339.50000000000000,0.600000,0.900000,2
SIO02-3,49.42924499511719,11.08768081665039,339.66668701171875,0.600000,0.900000,2
SIO02-3,49.42924499511719,11.08768081665039,339.66668701171875,0.600000,0.900000,2
SIO02-3,49.42926788330078,11.08784675598145,339.83334350585938,0.500000,0.900000,2
SIO02-3,49.42926788330078,11.08784675598145,339.83334350585938,0.500000,0.900000,2
SIO02-3,49.42929458618164,11.08800888061523,340.00000000000000,0.500000,0.900000,2
SIO02-3,49.42929458618164,11.08800888061523,340.00000000000000,0.500000,0.900000,2
SIO02-3,49.42932128906250,11.08816719055176,340.00000000000000,0.500000,0.900000,2
SIO02-3,49.42932128906250,11.08816719055176,340.00000000000000,0.600000,0.900000,2
SIO02-3,49.42935180664062,11.08832168579102,340.00000000000000,0.600000,0.900000,2
SIO02-3,49.42935180664062,11.08832168579102,340.00000000000000,0.600000,0.900000,2
SIO02-3,49.42938232421875,11.08847332000732,340.00000000000000,0.600000,0.900000,2
SIO02-3,49.42938232421875,11.08847332000732,340.00000000000000,0.600000,0.900000,2
SIO02-3,49.42941284179688,11.08862209320068,340.00000000000000,0.600000,0.900000,2
SIO02-3,49.42941284179688,11.08862209320068,340.00000000000000,0.600000,0.900000,2
SIO02-3,49.42944335937500,11.08876609802246,340.00000000000000,0.600000,0.900000,2
SIO02-3,49.42944335937500,11.08876609802246,340.00000000000000,0.600000,0.900000,2
SIO02-3,49.42947387695312,11.08891010284424,340.00000000000000,0.600000,0.900000,2
SIO02-3,49.42947387695312,11.08891010284424,340.00000000000000,0.600000,0.900000,2
SIO02-3,49.42950439453125,11.08905601501465,340.33334350585938,0.600000,0.900000,2
SIO02-3,49.42950439453125,11.08905601501465,340.33334350585938,0.600000,0.900000,2
SIO02-3,49.42953491210938,11.08920383453369,340.33334350585938,0.600000,0.900000,2
SIO02-3,49.42953491210938,11.08920383453369,340.33334350585938,0.600000,0.900000,2
SIO02-3,49.42956542968750,11.08935356140137,340.50000000000000,0.600000,0.900000,2
SIO02-3,49.42956542968750,11.08935356140137,340.50000000000000,0.600000,0.900000,2
SIO02-3,49.42959594726562,11.08950138092041,340.66668701171875,0.600000,0.900000,2
SIO02-3,49.42959594726562,11.08950138092041,340.66668701171875,0.600000,0.900000,2
SIO02-3,49.42963027954102,11.08964920043945,340.66668701171875,0.600000,0.900000,2
SIO02-3,49.42963027954102,11.08964920043945,340.66668701171875,0.600000,0.900000,2
SIO02-3,49.42966079711914,11.08979415893555,341.00000000000000,0.600000,0.900000,2
SIO02-3,49.42966079711914,11.08979415893555,341.00000000000000,0.600000,0.900000,2
SIO02-3,49.42969131469727,11.08992671966553,341.16665649414062,0.600000,1.000000,2
SIO02-3,49.42969131469727,11.08992671966553,341.16665649414062,0.600000,1.000000,2
SIO02-3,49.42971801757812,11.09004783630371,341.33334350585938,0.600000,1.000000,2
SIO02-3,49.42971801757812,11.09004783630371,341.33334350585938,0.600000,1.000000,2
SIO02-3,49.42974090576172,11.09016990661621,341.66668701171875,0.600000,1.000000,2
SIO02-3,49.42974090576172,11.09016990661621,341.66668701171875,0.600000,1.000000,2
SIO02-3,49.42976760864258,11.09029388427734,341.83334350585938,0.600000,1.000000,2
SIO02-3,49.42976760864258,11.09029388427734,341.83334350585938,0.600000,1.000000,2
SIO02-3,49.42979431152344,11.09041976928711,342.16665649414062,0.600000,1.000000,2
SIO02-3,49.42979431152344,11.09041976928711,342.16665649414062,0.600000,1.000000,2
SIO02-3,49.42982101440430,11.09054851531982,342.33334350585938,0.600000,1.000000,2
SIO02-3,49.42982101440430,11.09054851531982,342.33334350585938,0.600000,1.000000,2
SIO02-3,49.42984771728516,11.09067916870117,342.50000000000000,0.600000,1.000000,2
SIO02-3,49.42984771728516,11.09067916870117,342.50000000000000,0.600000,1.000000,2
SIO02-3,49.42987060546875,11.09081077575684,342.66668701171875,0.600000,1.000000,2
SIO02-3,49.42987060546875,11.09081077575684,342.66668701171875,0.600000,1.000000,2
SIO02-3,49.42989730834961,11.09094238281250,342.83331298828125,0.600000,1.000000,2
SIO02-3,49.42989730834961,11.09094238281250,342.83331298828125,5.000000,1.000000,2
SIO02-3,49.42992401123047,11.09107398986816,343.00000000000000,0.600000,1.000000,2
SIO02-3,49.42992401123047,11.09107398986816,343.00000000000000,0.600000,1.000000,2
SIO02-3,49.42994689941406,11.09120559692383,343.16665649414062,0.600000,1.000000,2
SIO02-3,49.42994689941406,11.09120559692383,343.16665649414062,0.600000,1.000000,2
SIO02-3,49.42997360229492,11.09133529663086,343.16665649414062,0.600000,1.000000,2
SIO02-3,49.42997360229492,11.09133529663086,343.16665649414062,0.600000,1.000000,2
SIO02-3,49.43000030517578,11.09146690368652,343.16665649414062,0.600000,1.000000,2
SIO02-3,49.43000030517578,11.09146690368652,343.16665649414062,0.600000,1.000000,2
SIO02-3,49.43002700805664,11.09160041809082,343.33334350585938,0.600000,1.000000,2
SIO02-3,49.43002700805664,11.09160041809082,343.33334350585938,0.600000,1.000000,2
SIO02-3,49.43005371093750,11.09173393249512,343.50000000000000,0.600000,1.000000,2
SIO02-3,49.43005371093750,11.09173393249512,343.50000000000000,0.600000,1.000000,2
SIO02-3,49.43007659912109,11.09186840057373,343.50000000000000,0.600000,1.000000,2
SIO02-3,49.43007659912109,11.09186840057373,343.50000000000000,0.600000,1.000000,2
SIO02-3,49.43010330200195,11.09200382232666,343.66668701171875,0.600000,1.000000,2
SIO02-3,49.43010330200195,11.09200382232666,343.66668701171875,0.600000,1.000000,2
SIO02-3,49.43013381958008,11.09214019775391,343.83331298828125,0.600000,1.000000,2
SIO02-3,49.43013381958008,11.09214019775391,343.83331298828125,0.600000,1.000000,2
SIO02-3,49.43016052246094,11.09227848052979,343.83331298828125,0.600000,1.000000,2
SIO02-3,49.43016052246094,11.09227848052979,343.83331298828125,0.600000,1.000000,2
SIO02-3,49.43018722534180,11.09241676330566,344.00000000000000,0.600000,1.000000,2
SIO02-3,49.43018722534180,11.09241676330566,344.00000000000000,0.600000,1.000000,2
SIO02-3,49.43021392822266,11.09255504608154,344.16665649414062,0.600000,1.000000,2
SIO02-3,49.43021392822266,11.09255504608154,344.16665649414062,0.600000,1.000000,2
SIO02-3,49.43024063110352,11.09269332885742,344.16665649414062,0.700000,1.000000,2
SIO02-3,49.43024063110352,11.09269332885742,344.16665649414062,0.700000,1.000000,2
SIO02-3,49.43026733398438,11.09283161163330,344.33334350585938,0.700000,1.000000,2
SIO02-3,49.43026733398438,11.09283161163330,344.33334350585938,0.700000,1.000000,2
SIO02-3,49.43029022216797,11.09297084808350,344.33334350585938,0.700000,1.000000,2
SIO02-3,49.43029022216797,11.09297084808350,344.33334350585938,0.700000,1.000000,2
SIO02-3,49.43031692504883,11.09311103820801,344.50000000000000,0.700000,1.000000,2
SIO02-3,49.43031692504883,11.09311103820801,344.50000000000000,0.700000,1.000000,2
SIO02-3,49.43034362792969,11.09325122833252,344.50000000000000,0.600000,1.000000,2
SIO02-3,49.43034362792969,11.09325122833252,344.50000000000000,0.600000,1.000000,2
SIO02-3,49.43037033081055,11.09339427947998,344.50000000000000,0.600000,1.000000,2
SIO02-3,49.43037033081055,11.09339427947998,344.50000000000000,0.600000,1.000000,2
SIO02-3,49.43039703369141,11.09353828430176,344.50000000000000,0.600000,1.000000,2
SIO02-3,49.43039703369141,11.09353828430176,344.50000000000000,0.600000,1.000000,2
SIO02-3,49.43042755126953,11.09368038177490,344.66668701171875,0.600000,1.000000,2
SIO02-3,49.43042755126953,11.09368038177490,344.66668701171875,0.600000,1.000000,2
SIO02-3,49.43045806884766,11.09381866455078,344.50000000000000,0.600000,0.900000,2
SIO02-3,49.43045806884766,11.09381866455078,344.50000000000000,0.600000,0.900000,2
SIO02-3,49.43049240112305,11.09395122528076,344.50000000000000,0.600000,0.900000,2
SIO02-3,49.43049240112305,11.09395122528076,344.50000000000000,0.600000,0.900000,2
SIO02-3,49.43052673339844,11.09407997131348,344.50000000000000,0.600000,0.900000,2
SIO02-3,49.43052673339844,11.09407997131348,344.50000000000000,0.600000,0.900000,2
SIO02-3,49.43056488037109,11.09420394897461,344.33334350585938,0.600000,0.900000,2
SIO02-3,49.43056488037109,11.09420394897461,344.33334350585938,0.600000,0.900000,2
SIO02-3,49.43059921264648,11.09432601928711,344.33334350585938,0.600000,0.900000,2
SIO02-3,49.43059921264648,11.09432601928711,344.33334350585938,0.600000,0.900000,2
SIO02-3,49.43064117431641,11.09444808959961,344.33334350585938,0.600000,0.900000,2
SIO02-3,49.43064117431641,11.09444808959961,344.33334350585938,0.600000,0.900000,2
SIO02-3,49.43068313598633,11.09456920623779,344.16665649414062,0.600000,0.900000,2
SIO02-3,49.43068313598633,11.09456920623779,344.16665649414062,0.600000,0.900000,2
SIO02-3,49.43072891235352,11.09468936920166,344.16665649414062,0.600000,0.900000,2
SIO02-3,49.43072891235352,11.09468936920166,344.16665649414062,0.600000,0.900000,2
SIO02-3,49.43077468872070,11.09480857849121,344.16665649414062,0.500000,0.900000,2
SIO02-3,49.43077468872070,11.09480857849121,344.16665649414062,0.500000,0.900000,2
SIO02-3,49.43082427978516,11.09492778778076,343.83331298828125,0.500000,0.900000,2
SIO02-3,49.43082427978516,11.09492778778076,343.83331298828125,0.500000,0.900000,2
SIO02-3,49.43087387084961,11.09504985809326,343.66668701171875,0.500000,0.900000,2
SIO02-3,49.43087387084961,11.09504985809326,343.66668701171875,0.500000,0.900000,2
SIO02-3,49.43092346191406,11.09517669677734,343.50000000000000,0.500000,0.900000,2
SIO02-3,49.43092346191406,11.09517669677734,343.50000000000000,0.500000,0.900000,2
SIO02-3,49.43097305297852,11.09530735015869,343.33334350585938,0.500000,0.900000,2
SIO02-3,49.43097305297852,11.09530735015869,343.33334350585938,0.500000,0.900000,2
SIO02-3,49.43101119995117,11.09544372558594,343.33334350585938,0.500000,0.900000,2
SIO02-3,49.43101119995117,11.09544372558594,343.33334350585938,0.500000,0.900000,2
SIO02-3,49.43104553222656,11.09558582305908,343.33334350585938,0.500000,0.900000,2
SIO02-3,49.43104553222656,11.09558582305908,343.33334350585938,0.500000,0.900000,2
SIO02-3,49.43106460571289,11.09573364257812,343.33334350585938,0.500000,0.900000,2
SIO02-3,49.43106460571289,11.09573364257812,343.33334350585938,0.500000,0.900000,2
SIO02-3,49.43107986450195,11.09588718414307,343.66668701171875,0.500000,0.900000,2
SIO02-3,49.43107986450195,11.09588718414307,343.66668701171875,0.500000,0.900000,2
SIO02-3,49.43108749389648,11.09604549407959,343.83331298828125,0.600000,0.900000,2
SIO02-3,49.43108749389648,11.09604549407959,343.83331298828125,0.600000,0.900000,2
SIO02-3,49.43109130859375,11.09620666503906,344.00000000000000,0.600000,0.900000,2
SIO02-3,49.43109512329102,11.09636974334717,344.33334350585938,0.600000,0.900000,2
SIO02-3,49.43109512329102,11.09636974334717,344.33334350585938,0.600000,0.900000,2
SIO02-3,49.43110275268555,11.09653472900391,344.66668701171875,0.600000,0.900000,2
SIO02-3,49.43110275268555,11.09653472900391,344.66668701171875,0.600000,0.900000,2
SIO02-3,49.43110656738281,11.09670162200928,344.83331298828125,0.600000,0.900000,2
SIO02-3,49.43110656738281,11.09670162200928,344.83331298828125,0.600000,0.900000,2
SIO02-3,49.43111419677734,11.09686851501465,345.00000000000000,0.600000,0.900000,2
SIO02-3,49.43111419677734,11.09686851501465,345.00000000000000,0.600000,0.900000,2
SIO02-3,49.43112182617188,11.09703540802002,345.16665649414062,0.600000,0.900000,2
SIO02-3,49.43112182617188,11.09703540802002,345.16665649414062,0.600000,1.000000,2
SIO02-3,49.43112564086914,11.09720516204834,345.33334350585938,0.600000,1.000000,2
SIO02-3,49.43112564086914,11.09720516204834,345.33334350585938,0.600000,1.000000,2
SIO02-3,49.43112945556641,11.09737873077393,345.33334350585938,0.600000,1.000000,2
SIO02-3,49.43112945556641,11.09737873077393,345.33334350585938,0.600000,1.000000,2
SIO02-3,49.43113327026367,11.09755611419678,345.16665649414062,0.600000,1.000000,2
SIO02-3,49.43113327026367,11.09755611419678,345.16665649414062,0.600000,1.000000,2
SIO02-3,49.43113708496094,11.09773635864258,345.00000000000000,0.600000,1.000000,2
SIO02-3,49.43113708496094,11.09773635864258,345.00000000000000,0.600000,1.000000,2
SIO02-3,49.43114471435547,11.09791851043701,345.00000000000000,0.600000,1.000000,2
SIO02-3,49.43114471435547,11.09791851043701,345.00000000000000,0.600000,1.000000,2
SIO02-3,49.43114852905273,11.09810066223145,345.00000000000000,0.600000,1.000000,2
SIO02-3,49.43114852905273,11.09810066223145,345.00000000000000,0.600000,1.000000,2
SIO02-3,49.43115615844727,11.09828376770020,345.00000000000000,0.600000,1.000000,2
SIO02-3,49.43115615844727,11.09828376770020,345.00000000000000,0.600000,1.000000,2
SIO02-3,49.43116378784180,11.09846591949463,344.83331298828125,0.600000,1.000000,2
SIO02-3,49.43116378784180,11.09846591949463,344.83331298828125,0.600000,1.000000,2
SIO02-3,49.43116760253906,11.09864902496338,345.00000000000000,0.600000,1.000000,2
SIO02-3,49.43116760253906,11.09864902496338,345.00000000000000,0.600000,1.000000,2
SIO02-3,49.43117523193359,11.09883213043213,345.00000000000000,0.600000,1.000000,2
SIO02-3,49.43117523193359,11.09883213043213,345.00000000000000,0.600000,1.000000,2
SIO02-3,49.43117904663086,11.09901523590088,345.33334350585938,0.600000,1.000000,2
SIO02-3,49.43117904663086,11.09901523590088,345.33334350585938,0.600000,1.000000,2
SIO02-3,49.43118667602539,11.09919834136963,345.33334350585938,0.600000,1.000000,2
SIO02-3,49.43118667602539,11.09919834136963,345.33334350585938,0.600000,1.000000,2
SIO02-3,49.43119430541992,11.09938049316406,345.33334350585938,0.600000,1.000000,2
SIO02-3,49.43119430541992,11.09938049316406,345.33334350585938,0.600000,1.000000,2
SIO02-3,49.43119812011719,11.09956264495850,345.50000000000000,0.600000,1.000000,2
SIO02-3,49.43119812011719,11.09956264495850,345.50000000000000,0.600000,1.000000,2
SIO02-3,49.43120574951172,11.09974479675293,345.50000000000000,0.600000,1.000000,2
SIO02-3,49.43120574951172,11.09974479675293,345.50000000000000,0.600000,1.000000,2
SIO02-3,49.43120956420898,11.09992885589600,345.33334350585938,0.600000,1.000000,2
SIO02-3,49.43120956420898,11.09992885589600,345.33334350585938,0.600000,1.000000,2
SIO02-3,49.43121719360352,11.10011291503906,345.00000000000000,0.600000,0.900000,2
SIO02-3,49.43121719360352,11.10011291503906,345.00000000000000,0.600000,0.900000,2
SIO02-3,49.43122100830078,11.10029602050781,344.66668701171875,0.600000,0.900000,2
SIO02-3,49.43122100830078,11.10029602050781,344.66668701171875,0.600000,0.900000,2
SIO02-3,49.43122863769531,11.10047531127930,344.50000000000000,0.600000,0.900000,2
SIO02-3,49.43122863769531,11.10047531127930,344.50000000000000,0.600000,0.900000,2
SIO02-3,49.43122863769531,11.10065174102783,344.33334350585938,0.500000,0.900000,2
SIO02-3,49.43122863769531,11.10065174102783,344.33334350585938,0.500000,0.900000,2
SIO02-3,49.43122863769531,11.10081958770752,344.00000000000000,0.500000,0.900000,2
SIO02-3,49.43122863769531,11.10081958770752,344.00000000000000,0.500000,0.900000,2
SIO02-3,49.43122482299805,11.10097599029541,343.66668701171875,0.500000,0.900000,2
SIO02-3,49.43122482299805,11.10097599029541,343.66668701171875,0.500000,0.900000,2
SIO02-3,49.43122100830078,11.10112667083740,343.50000000000000,0.500000,0.900000,2
SIO02-3,49.43122100830078,11.10112667083740,343.50000000000000,0.500000,0.900000,2
SIO02-3,49.43122100830078,11.10127162933350,343.50000000000000,0.500000,0.900000,2
SIO02-3,49.43122100830078,11.10127162933350,343.50000000000000,0.500000,0.900000,2
SIO02-3,49.43122100830078,11.10141372680664,343.33334350585938,0.500000,0.900000,2
SIO02-3,49.43122100830078,11.10141372680664,343.33334350585938,0.500000,0.900000,2
SIO02-3,49.43122482299805,11.10155487060547,343.16665649414062,0.500000,0.900000,2
SIO02-3,49.43122482299805,11.10155487060547,343.16665649414062,0.500000,0.900000,2
SIO02-3,49.43122482299805,11.10169696807861,343.16665649414062,0.500000,0.900000,2
SIO02-3,49.43122482299805,11.10169696807861,343.16665649414062,0.500000,0.900000,2
SIO02-3,49.43122482299805,11.10183620452881,342.83331298828125,0.500000,0.900000,2
SIO02-3,49.43122482299805,11.10183620452881,342.83331298828125,0.500000,0.900000,2
SIO02-3,49.43122482299805,11.10196495056152,342.83331298828125,0.500000,0.900000,2
SIO02-3,49.43122482299805,11.10196495056152,342.83331298828125,0.500000,0.900000,2
SIO02-3,49.43122482299805,11.10208797454834,342.66668701171875,0.500000,0.900000,2
SIO02-3,49.43122482299805,11.10208797454834,342.66668701171875,0.500000,0.900000,2
SIO02-3,49.43122863769531,11.10221576690674,342.66668701171875,0.600000,0.900000,2
SIO02-3,49.43122863769531,11.10221576690674,342.66668701171875,0.600000,0.900000,2
SIO02-3,49.43123245239258,11.10234355926514,343.00000000000000,0.600000,0.900000,2
SIO02-3,49.43123245239258,11.10234355926514,343.00000000000000,0.600000,0.900000,2
SIO02-3,49.43123245239258,11.10246944427490,343.16665649414062,0.600000,0.900000,2
SIO02-3,49.43123245239258,11.10246944427490,343.16665649414062,0.600000,0.900000,2
SIO02-3,49.43122863769531,11.10258865356445,343.00000000000000,0.600000,0.900000,2
SIO02-3,49.43122863769531,11.10258865356445,343.00000000000000,0.600000,0.900000,2
SIO02-3,49.43121337890625,11.10269927978516,343.50000000000000,0.600000,0.900000,2
SIO02-3,49.43121337890625,11.10269927978516,343.50000000000000,0.600000,0.900000,2
SIO02-3,49.43117904663086,11.10279846191406,343.66668701171875,0.600000,0.900000,2
SIO02-3,49.43117904663086,11.10279846191406,343.66668701171875,0.600000,0.900000,2
SIO02-3,49.43113327026367,11.10288429260254,343.83331298828125,0.600000,0.900000,2
SIO02-3,49.43113327026367,11.10288429260254,343.83331298828125,0.600000,0.900000,2
SIO02-3,49.43106842041016,11.10295200347900,343.83331298828125,0.600000,0.900000,2
SIO02-3,49.43106842041016,11.10295200347900,343.83331298828125,0.600000,0.900000,2
SIO02-3,49.43099594116211,11.10299587249756,344.00000000000000,0.600000,0.900000,2
SIO02-3,49.43099594116211,11.10299587249756,344.00000000000000,0.600000,0.900000,2
SIO02-3,49.43090438842773,11.10302162170410,344.00000000000000,0.600000,0.900000,2
SIO02-3,49.43090438842773,11.10302162170410,344.00000000000000,0.600000,0.900000,2
SIO02-3,49.43080902099609,11.10304260253906,344.16665649414062,0.600000,0.900000,2
SIO02-3,49.43080902099609,11.10304260253906,344.16665649414062,0.600000,0.900000,2
SIO02-3,49.43070602416992,11.10306262969971,344.16665649414062,0.600000,0.900000,2
SIO02-3,49.43070602416992,11.10306262969971,344.16665649414062,0.600000,0.900000,2
SIO02-3,49.43060302734375,11.10308265686035,344.16665649414062,0.600000,0.900000,2
SIO02-3,49.43060302734375,11.10308265686035,344.16665649414062,0.600000,0.900000,2
SIO02-3,49.43049621582031,11.10310268402100,344.16665649414062,0.600000,1.000000,2
SIO02-3,49.43049621582031,11.10310268402100,344.16665649414062,0.600000,1.000000,2
SIO02-3,49.43039321899414,11.10311889648438,344.00000000000000,0.500000,1.000000,2
SIO02-3,49.43039321899414,11.10311889648438,344.00000000000000,0.500000,1.000000,2
SIO02-3,49.43029403686523,11.10312747955322,343.83331298828125,0.500000,1.000000,2
SIO02-3,49.43029403686523,11.10312747955322,343.83331298828125,0.500000,1.000000,2
SIO02-3,49.43019485473633,11.10313415527344,343.83331298828125,0.500000,0.900000,2
SIO02-3,49.43019485473633,11.10313415527344,343.83331298828125,0.500000,0.900000,2
SIO02-3,49.43010330200195,11.10314369201660,343.83331298828125,0.500000,0.900000,2
SIO02-3,49.43010330200195,11.10314369201660,343.83331298828125,0.500000,0.900000,2
SIO02-3,49.43001556396484,11.10315513610840,343.83331298828125,0.500000,0.900000,2
SIO02-3,49.43001556396484,11.10315513610840,343.83331298828125,0.500000,0.900000,2
SIO02-3,49.42993545532227,11.10316848754883,343.83331298828125,0.500000,1.000000,2
SIO02-3,49.42993545532227,11.10316848754883,343.83331298828125,0.500000,1.000000,2
SIO02-3,49.42985534667969,11.10318374633789,343.83331298828125,0.500000,1.000000,2
SIO02-3,49.42985534667969,11.10318374633789,343.83331298828125,0.500000,1.000000,2
SIO02-3,49.42978668212891,11.10319900512695,344.00000000000000,0.500000,1.000000,2
SIO02-3,49.42978668212891,11.10319900512695,344.00000000000000,0.500000,1.000000,2
SIO02-3,49.42972183227539,11.10321235656738,343.83331298828125,0.500000,1.000000,2
SIO02-3,49.42972183227539,11.10321235656738,343.83331298828125,0.500000,1.000000,2
SIO02-3,49.42966842651367,11.10322380065918,344.00000000000000,0.500000,1.000000,2
SIO02-3,49.42966842651367,11.10322380065918,344.00000000000000,0.500000,1.000000,2
SIO02-3,49.42962265014648,11.10323333740234,344.00000000000000,0.500000,1.000000,2
SIO02-3,49.42962265014648,11.10323333740234,344.00000000000000,0.500000,1.000000,2
SIO02-3,49.42958450317383,11.10324096679688,344.00000000000000,0.500000,1.000000,2
SIO02-3,49.42958450317383,11.10324096679688,344.00000000000000,0.500000,1.000000,2
SIO02-3,49.42955017089844,11.10324764251709,343.83331298828125,0.500000,1.000000,2
SIO02-3,49.42955017089844,11.10324764251709,343.83331298828125,0.500000,1.000000,2
SIO02-3,49.42952346801758,11.10325431823730,344.00000000000000,0.500000,1.000000,2
SIO02-3,49.42952346801758,11.10325431823730,344.00000000000000,0.500000,1.000000,2
SIO02-3,49.42949676513672,11.10326004028320,344.00000000000000,0.500000,1.000000,2
SIO02-3,49.42949676513672,11.10326004028320,344.00000000000000,0.500000,1.000000,2
SIO02-3,49.42947769165039,11.10326480865479,344.16665649414062,0.500000,1.000000,2
SIO02-3,49.42947769165039,11.10326480865479,344.16665649414062,0.500000,1.000000,2
SIO02-3,49.42945861816406,11.10326957702637,344.33334350585938,0.500000,1.000000,2
SIO02-3,49.42945861816406,11.10326957702637,344.33334350585938,0.500000,1.000000,2
SIO02-3,49.42944717407227,11.10327243804932,344.50000000000000,0.500000,1.000000,2
SIO02-3,49.42944717407227,11.10327243804932,344.50000000000000,0.500000,1.000000,2
SIO02-3,49.42943954467773,11.10327529907227,344.50000000000000,0.500000,1.000000,2
SIO02-3,49.42943954467773,11.10327529907227,344.50000000000000,0.500000,1.000000,2
SIO02-3,49.42943572998047,11.10327625274658,344.33334350585938,0.500000,0.900000,2
SIO02-3,49.42943572998047,11.10327625274658,344.33334350585938,0.500000,0.900000,2
SIO02-3,49.42943191528320,11.10327625274658,344.16665649414062,0.500000,0.900000,2
SIO02-3,49.42943191528320,11.10327625274658,344.16665649414062,0.500000,0.900000,2
SIO02-3,49.42943191528320,11.10327720642090,344.16665649414062,0.500000,0.900000,2
SIO02-3,49.42942810058594,11.10327720642090,344.00000000000000,0.500000,0.900000,2
SIO02-3,49.42942810058594,11.10327720642090,344.00000000000000,0.500000,0.900000,2
SIO02-3,49.42942810058594,11.10327720642090,344.00000000000000,0.500000,0.900000,2
SIO02-3,49.42942810058594,11.10327720642090,344.00000000000000,0.500000,0.900000,2
SIO02-3,49.42942810058594,11.10327816009521,343.83331298828125,0.500000,0.900000,2
SIO02-3,49.42942810058594,11.10327816009521,343.83331298828125,0.500000,0.900000,2
SIO02-3,49.42941284179688,11.10328102111816,343.83331298828125,0.500000,0.900000,2
SIO02-3,49.42941284179688,11.10328102111816,343.83331298828125,0.500000,0.900000,2
SIO02-3,49.42937850952148,11.10328865051270,343.83331298828125,0.500000,0.900000,2
SIO02-3,49.42937850952148,11.10328865051270,343.83331298828125,0.500000,0.900000,2
SIO02-3,49.42933273315430,11.10329914093018,343.83331298828125,0.500000,0.900000,2
SIO02-3,49.42933273315430,11.10329914093018,343.83331298828125,0.500000,0.900000,2
SIO02-3,49.42928314208984,11.10330772399902,343.66668701171875,0.500000,0.900000,2
SIO02-3,49.42928314208984,11.10330772399902,343.66668701171875,0.500000,0.900000,2
SIO02-3,49.42923736572266,11.10330390930176,343.50000000000000,0.400000,0.900000,2
SIO02-3,49.42923736572266,11.10330390930176,343.50000000000000,0.400000,0.900000,2
SIO02-3,49.42919921875000,11.10327339172363,343.50000000000000,0.400000,0.800000,2
SIO02-3,49.42919921875000,11.10327339172363,343.50000000000000,0.400000,0.800000,2
SIO02-3,49.42916870117188,11.10320758819580,343.16665649414062,0.400000,0.800000,2
SIO02-3,49.42916870117188,11.10320758819580,343.16665649414062,0.400000,0.900000,2
SIO02-3,49.42914962768555,11.10311317443848,343.33334350585938,0.400000,0.900000,2
SIO02-3,49.42914962768555,11.10311317443848,343.33334350585938,0.400000,0.900000,2
SIO02-3,49.42914199829102,11.10299682617188,343.33334350585938,0.400000,0.900000,2
SIO02-3,49.42914199829102,11.10299682617188,343.33334350585938,0.400000,0.900000,2
SIO02-3,49.42913055419922,11.10286426544189,343.50000000000000,0.400000,0.900000,2
SIO02-3,49.42913055419922,11.10286426544189,343.50000000000000,0.400000,0.900000,2
SIO02-3,49.42911529541016,11.10271835327148,343.66668701171875,0.500000,0.900000,2
SIO02-3,49.42911529541016,11.10271835327148,343.66668701171875,0.500000,0.900000,2
SIO02-3,49.42910003662109,11.10256671905518,343.66668701171875,0.500000,0.900000,2
SIO02-3,49.42910003662109,11.10256671905518,343.66668701171875,0.500000,0.900000,2
SIO02-3,49.42908096313477,11.10241413116455,343.83331298828125,0.500000,0.900000,2
SIO02-3,49.42908096313477,11.10241413116455,343.83331298828125,0.500000,0.900000,2
SIO02-3,49.42906188964844,11.10226631164551,343.83331298828125,0.500000,1.000000,2
SIO02-3,49.42906188964844,11.10226631164551,343.83331298828125,0.500000,1.000000,2
SIO02-3,49.42903518676758,11.10212135314941,344.16665649414062,0.500000,1.000000,2
SIO02-3,49.42903518676758,11.10212135314941,344.16665649414062,0.500000,1.000000,2
SIO02-3,49.42900848388672,11.10198211669922,344.16665649414062,0.500000,1.000000,2
SIO02-3,49.42900848388672,11.10198211669922,344.16665649414062,0.500000,1.000000,2
SIO02-3,49.42898559570312,11.10184860229492,343.83331298828125,0.500000,1.000000,2
SIO02-3,49.42898559570312,11.10184860229492,343.83331298828125,0.500000,1.000000,2
SIO02-3,49.42897033691406,11.10172653198242,343.66668701171875,0.500000,1.000000,2
SIO02-3,49.42897033691406,11.10172653198242,343.66668701171875,0.500000,1.000000,2
SIO02-3,49.42895889282227,11.10161972045898,343.33334350585938,0.500000,0.900000,2
SIO02-3,49.42895889282227,11.10161972045898,343.33334350585938,0.500000,0.900000,2
SIO02-3,49.42895126342773,11.10152435302734,343.33334350585938,0.500000,0.900000,2
SIO02-3,49.42895126342773,11.10152435302734,343.33334350585938,0.500000,0.900000,2
SIO02-3,49.42894363403320,11.10144710540771,343.16665649414062,0.500000,0.900000,2
SIO02-3,49.42894363403320,11.10144710540771,343.16665649414062,0.500000,0.900000,2
SIO02-3,49.42893981933594,11.10139179229736,343.16665649414062,0.500000,0.800000,2
SIO02-3,49.42893981933594,11.10139179229736,343.16665649414062,0.500000,0.800000,2
SIO02-3,49.42894744873047,11.10135269165039,343.16665649414062,0.400000,0.800000,2
SIO02-3,49.42894744873047,11.10135269165039,343.16665649414062,0.400000,0.800000,2
SIO02-3,49.42896270751953,11.10132503509521,343.00000000000000,0.400000,0.800000,2
SIO02-3,49.42896270751953,11.10132503509521,343.00000000000000,0.400000,0.800000,2
SIO02-3,49.42898559570312,11.10130786895752,342.66668701171875,0.400000,0.800000,2
SIO02-3,49.42898559570312,11.10130786895752,342.66668701171875,0.400000,0.800000,2
SIO02-3,49.42901611328125,11.10129737854004,342.33334350585938,0.400000,0.800000,2
SIO02-3,49.42901611328125,11.10129737854004,342.33334350585938,0.400000,0.800000,2
SIO02-3,49.42905426025391,11.10128974914551,342.00000000000000,0.400000,0.800000,2
SIO02-3,49.42905426025391,11.10128974914551,342.00000000000000,0.400000,0.800000,2
SIO02-3,49.42910003662109,11.10128402709961,341.83334350585938,0.400000,0.800000,2
SIO02-3,49.42910003662109,11.10128402709961,341.83334350585938,0.400000,0.800000,2
SIO02-3,49.42914199829102,11.10127925872803,341.66668701171875,0.400000,0.700000,2
SIO02-3,49.42914199829102,11.10127925872803,341.66668701171875,0.400000,0.700000,2
SIO02-3,49.42918395996094,11.10127449035645,341.83334350585938,0.400000,0.700000,2
SIO02-3,49.42918395996094,11.10127449035645,341.83334350585938,0.400000,0.700000,2
SIO02-3,49.42922210693359,11.10126876831055,341.83334350585938,0.400000,0.700000,2
SIO02-3,49.42922210693359,11.10126876831055,341.83334350585938,0.400000,0.700000,2
SIO02-3,49.42926406860352,11.10126113891602,341.83334350585938,0.400000,0.700000,2
SIO02-3,49.42926406860352,11.10126113891602,341.83334350585938,0.400000,0.700000,2
SIO02-3,49.42929840087891,11.10125446319580,341.66668701171875,0.400000,0.700000,2
SIO02-3,49.42929840087891,11.10125446319580,341.66668701171875,0.400000,0.700000,2
SIO02-3,49.42932891845703,11.10124874114990,341.83334350585938,0.400000,0.700000,2
SIO02-3,49.42932891845703,11.10124874114990,341.83334350585938,0.400000,0.700000,2
SIO02-3,49.42935943603516,11.10124301910400,341.66668701171875,0.400000,0.700000,2
SIO02-3,49.42935943603516,11.10124301910400,341.66668701171875,0.400000,0.700000,2
SIO02-3,49.42938995361328,11.10123729705811,341.83334350585938,0.400000,0.700000,2
SIO02-3,49.42938995361328,11.10123729705811,341.83334350585938,0.400000,0.700000,2
SIO02-3,49.42941665649414,11.10123157501221,341.66668701171875,0.400000,0.700000,2
SIO02-3,49.42941665649414,11.10123157501221,341.66668701171875,0.400000,0.700000,2
SIO02-3,49.42944335937500,11.10122680664062,341.66668701171875,0.400000,0.700000,2
SIO02-3,49.42944335937500,11.10122680664062,341.66668701171875,0.400000,0.700000,2
SIO02-3,49.42946243286133,11.10122203826904,341.66668701171875,0.400000,0.700000,2
SIO02-3,49.42946243286133,11.10122203826904,341.66668701171875,0.400000,0.700000,2
SIO02-3,49.42947769165039,11.10121917724609,341.66668701171875,0.400000,0.700000,2
SIO02-3,49.42947769165039,11.10121917724609,341.66668701171875,0.400000,0.700000,2
SIO02-3,49.42949295043945,11.10121536254883,341.66668701171875,0.400000,0.700000,2
SIO02-3,49.42949295043945,11.10121536254883,341.66668701171875,0.400000,0.700000,2
SIO02-3,49.42950820922852,11.10121154785156,341.66668701171875,0.400000,0.700000,2
SIO02-3,49.42950820922852,11.10121154785156,341.66668701171875,0.400000,0.700000,2
SIO02-3,49.42951965332031,11.10120868682861,341.66668701171875,0.400000,0.700000,2
SIO02-3,49.42951965332031,11.10120868682861,341.66668701171875,0.400000,0.700000,2
SIO02-3,49.42952728271484,11.10120677947998,341.50000000000000,0.400000,0.700000,2
SIO02-3,49.42952728271484,11.10120677947998,341.50000000000000,0.400000,0.700000,2
SIO02-3,49.42953491210938,11.10120487213135,341.50000000000000,0.400000,0.700000,2
SIO02-3,49.42953491210938,11.10120487213135,341.50000000000000,0.400000,0.700000,2
SIO02-3,49.42953491210938,11.10120391845703,341.33334350585938,0.400000,0.700000,2
SIO02-3,49.42953491210938,11.10120391845703,341.33334350585938,0.400000,0.700000,2
SIO02-3,49.42953491210938,11.10120391845703,341.33334350585938,0.400000,0.700000,2
SIO02-3,49.42953491210938,11.10120391845703,341.33334350585938,0.400000,0.700000,2
SIO02-3,49.42953491210938,11.10120391845703,341.16665649414062,0.400000,0.700000,2
SIO02-3,49.42953491210938,11.10120391845703,341.16665649414062,0.400000,0.700000,2
SIO02-3,49.42953491210938,11.10120391845703,341.00000000000000,0.400000,0.700000,2
SIO02-3,49.42953491210938,11.10120391845703,341.00000000000000,0.400000,0.700000,2
SIO02-3,49.42953872680664,11.10120296478271,340.83334350585938,0.400000,0.700000,2
SIO02-3,49.42953872680664,11.10120296478271,340.83334350585938,0.400000,0.700000,2
SIO02-3,49.42954254150391,11.10120201110840,340.66668701171875,0.400000,0.700000,2
SIO02-3,49.42954254150391,11.10120201110840,340.66668701171875,0.400000,0.700000,2
SIO02-3,49.42955398559570,11.10120010375977,340.50000000000000,0.400000,0.700000,2
SIO02-3,49.42955398559570,11.10120010375977,340.50000000000000,0.400000,0.700000,2
SIO02-3,49.42957305908203,11.10119628906250,340.50000000000000,0.400000,0.700000,2
SIO02-3,49.42957305908203,11.10119628906250,340.50000000000000,0.400000,0.700000,2
SIO02-3,49.42960357666016,11.10119056701660,340.33334350585938,0.400000,0.700000,2
SIO02-3,49.42960357666016,11.10119056701660,340.33334350585938,0.400000,0.700000,2
SIO02-3,49.42963790893555,11.10118389129639,340.33334350585938,0.400000,0.700000,2
SIO02-3,49.42963790893555,11.10118389129639,340.33334350585938,0.400000,0.700000,2
SIO02-3,49.42967224121094,11.10117721557617,340.16665649414062,0.400000,0.700000,2
SIO02-3,49.42967224121094,11.10117721557617,340.16665649414062,0.400000,0.700000,2
SIO02-3,49.42970657348633,11.10116958618164,340.16665649414062,0.400000,0.700000,2
SIO02-3,49.42970657348633,11.10116958618164,340.16665649414062,0.400000,0.700000,2
SIO02-3,49.42973709106445,11.10116386413574,340.16665649414062,0.400000,0.700000,2
SIO02-3,49.42973709106445,11.10116386413574,340.16665649414062,0.400000,0.700000,2
SIO02-3,49.42976379394531,11.10115814208984,340.00000000000000,0.400000,0.700000,2
SIO02-3,49.42976379394531,11.10115814208984,340.00000000000000,0.400000,0.700000,2
SIO02-3,49.42979049682617,11.10115051269531,340.00000000000000,0.400000,0.700000,2
SIO02-3,49.42979049682617,11.10115051269531,340.00000000000000,0.400000,0.700000,2
SIO02-3,49.42981719970703,11.10113811492920,340.16665649414062,0.400000,0.700000,2
SIO02-3,49.42981719970703,11.10113811492920,340.16665649414062,0.400000,0.700000,2
SIO02-3,49.42983627319336,11.10111904144287,340.16665649414062,0.400000,0.700000,2
SIO02-3,49.42983627319336,11.10111904144287,340.16665649414062,0.400000,0.700000,2
SIO02-3,49.42985534667969,11.10109043121338,340.50000000000000,0.400000,0.700000,2
SIO02-3,49.42985534667969,11.10109043121338,340.50000000000000,0.400000,0.700000,2
SIO02-3,49.42986297607422,11.10105609893799,340.50000000000000,0.400000,0.700000,2
SIO02-3,49.42986297607422,11.10105609893799,340.50000000000000,0.400000,0.700000,2
SIO02-3,49.42986679077148,11.10100746154785,340.66668701171875,0.400000,0.700000,2
SIO02-3,49.42986679077148,11.10100746154785,340.66668701171875,0.400000,0.700000,2
SIO02-3,49.42986297607422,11.10094070434570,340.83334350585938,0.400000,0.700000,2
SIO02-3,49.42986297607422,11.10094070434570,340.83334350585938,0.400000,0.700000,2
SIO02-3,49.42985916137695,11.10085773468018,340.83334350585938,0.400000,0.700000,2
SIO02-3,49.42985916137695,11.10085773468018,340.83334350585938,0.400000,0.700000,2
SIO02-3,49.42985153198242,11.10076522827148,341.16665649414062,0.400000,0.700000,2
SIO02-3,49.42984771728516,11.10067272186279,341.50000000000000,0.400000,0.700000,2
SIO02-3,49.42984771728516,11.10067272186279,341.50000000000000,0.400000,0.700000,2
SIO02-3,49.42984008789062,11.10058784484863,342.00000000000000,0.400000,0.700000,2
SIO02-3,49.42984008789062,11.10058784484863,342.00000000000000,0.400000,0.700000,2
SIO02-3,49.42983627319336,11.10050678253174,342.66668701171875,0.400000,0.700000,2
SIO02-3,49.42983627319336,11.10050678253174,342.66668701171875,0.400000,0.700000,2
SIO02-3,49.42982864379883,11.10042667388916,343.00000000000000,0.400000,0.700000,2
SIO02-3,49.42982864379883,11.10042667388916,343.00000000000000,0.400000,0.700000,2
SIO02-3,49.42982482910156,11.10035514831543,343.00000000000000,0.400000,0.700000,2
SIO02-3,49.42982482910156,11.10035514831543,343.00000000000000,0.400000,0.700000,2
SIO02-3,49.42981719970703,11.10029792785645,342.83331298828125,0.400000,0.700000,2
SIO02-3,49.42981719970703,11.10029792785645,342.83331298828125,0.400000,0.700000,2
SIO02-3,49.42980194091797,11.10026168823242,342.83331298828125,0.400000,0.700000,2
SIO02-3,49.42980194091797,11.10026168823242,342.83331298828125,0.400000,0.700000,2
SIO02-3,49.42977523803711,11.10025119781494,342.66668701171875,0.400000,0.700000,2
SIO02-3,49.42977523803711,11.10025119781494,342.66668701171875,0.400000,0.700000,2
SIO02-3,49.42974853515625,11.10025215148926,342.83331298828125,0.400000,0.700000,2
SIO02-3,49.42974853515625,11.10025215148926,342.83331298828125,0.400000,0.700000,2
SIO02-3,49.42972946166992,11.10024642944336,342.66668701171875,0.400000,0.700000,2
SIO02-3,49.42972946166992,11.10024642944336,342.66668701171875,0.400000,0.700000,2
SIO02-3,49.42971420288086,11.10022735595703,342.50000000000000,0.400000,0.800000,2
SIO02-3,49.42971420288086,11.10022735595703,342.50000000000000,0.400000,0.800000,2
SIO02-3,49.42970657348633,11.10020256042480,342.50000000000000,0.400000,0.800000,2
SIO02-3,49.42970657348633,11.10020256042480,342.50000000000000,0.400000,0.800000,2
SIO02-3,49.42970657348633,11.10018634796143,342.50000000000000,0.400000,0.800000,2
SIO02-3,49.42970657348633,11.10018634796143,342.50000000000000,0.400000,0.800000,2
SIO02-3,49.42970657348633,11.10017967224121,342.50000000000000,0.400000,0.800000,2
SIO02-3,49.42970657348633,11.10017967224121,342.50000000000000,0.400000,0.800000,2
SIO02-3,49.42970275878906,11.10017776489258,342.33334350585938,0.400000,0.800000,2
SIO02-3,49.42970275878906,11.10017776489258,342.33334350585938,0.400000,0.800000,2
SIO02-3,49.42970275878906,11.10017776489258,342.33334350585938,0.400000,0.800000,2
SIO02-3,49.42970275878906,11.10017776489258,342.33334350585938,0.400000,0.800000,2
SIO02-3,49.42970275878906,11.10017871856689,342.33334350585938,0.400000,0.800000,2
SIO02-3,49.42970275878906,11.10017871856689,342.33334350585938,0.400000,0.800000,2
SIO02-3,49.42970275878906,11.10017871856689,342.66668701171875,0.400000,0.800000,2
SIO02-3,49.42970275878906,11.10017871856689,342.66668701171875,0.400000,0.800000,2
SIO02-3,49.42970275878906,11.10017967224121,342.66668701171875,0.400000,0.800000,2
SIO02-3,49.42970275878906,11.10017967224121,342.66668701171875,0.400000,0.800000,2
SIO02-3,49.42970275878906,11.10018062591553,342.83331298828125,0.400000,0.800000,2
SIO02-3,49.42970275878906,11.10018062591553,342.83331298828125,0.400000,0.800000,2
SIO02-3,49.42970275878906,11.10018157958984,342.83331298828125,0.400000,0.800000,2
SIO02-3,49.42970275878906,11.10018157958984,342.83331298828125,0.400000,0.800000,2
SIO02-3,49.42970275878906,11.10018157958984,343.00000000000000,0.400000,0.800000,2
SIO02-3,49.42970275878906,11.10018157958984,343.00000000000000,0.400000,0.800000,2
SIO02-3,49.42970657348633,11.10018253326416,343.16665649414062,0.400000,0.800000,2
SIO02-3,49.42970657348633,11.10018253326416,343.16665649414062,0.400000,0.800000,2
SIO02-3,49.42970657348633,11.10018253326416,343.33334350585938,0.400000,0.800000,2
SIO02-3,49.42970657348633,11.10018253326416,343.33334350585938,0.400000,0.800000,2
SIO02-3,49.42970657348633,11.10018348693848,343.50000000000000,0.400000,0.700000,2
SIO02-3,49.42970657348633,11.10018348693848,343.50000000000000,0.400000,0.700000,2
SIO02-3,49.42970657348633,11.10018444061279,343.66668701171875,0.400000,0.700000,2
SIO02-3,49.42970657348633,11.10018444061279,343.66668701171875,0.400000,0.700000,2
SIO02-3,49.42970657348633,11.10018539428711,343.83331298828125,0.400000,0.700000,2
SIO02-3,49.42970657348633,11.10018539428711,343.83331298828125,0.400000,0.700000,2
SIO02-3,49.42970657348633,11.10018539428711,344.00000000000000,0.300000,0.700000,2
SIO02-3,49.42970657348633,11.10018539428711,344.00000000000000,0.300000,0.700000,2
SIO02-3,49.42970657348633,11.10018634796143,344.16665649414062,0.300000,0.700000,2
SIO02-3,49.42970657348633,11.10018634796143,344.16665649414062,0.300000,0.700000,2
SIO02-3,49.42970657348633,11.10018634796143,344.33334350585938,0.300000,0.700000,2
SIO02-3,49.42970657348633,11.10018634796143,344.33334350585938,0.300000,0.700000,2
SIO02-3,49.42970657348633,11.10018730163574,344.50000000000000,0.300000,0.700000,2
SIO02-3,49.42970657348633,11.10018730163574,344.50000000000000,0.300000,0.700000,2
SIO02-3,49.42971038818359,11.10018730163574,344.66668701171875,0.300000,0.700000,2
SIO02-3,49.42971038818359,11.10018730163574,344.66668701171875,0.300000,0.700000,2
SIO02-3,49.42971038818359,11.10018825531006,344.83331298828125,0.300000,0.700000,2
SIO02-3,49.42971038818359,11.10018825531006,344.83331298828125,0.300000,0.700000,2
SIO02-3,49.42971038818359,11.10018825531006,345.00000000000000,0.300000,0.700000,2
SIO02-3,49.42971038818359,11.10018825531006,345.00000000000000,0.300000,0.700000,2
SIO02-3,49.42971038818359,11.10018920898438,345.16665649414062,0.300000,0.700000,2
SIO02-3,49.42971038818359,11.10018920898438,345.16665649414062,0.300000,0.700000,2
SIO02-3,49.42971038818359,11.10018920898438,345.33334350585938,0.300000,0.700000,2
SIO02-3,49.42971038818359,11.10018920898438,345.33334350585938,0.300000,0.700000,2
SIO02-3,49.42971038818359,11.10018920898438,345.66665649414062,0.300000,0.700000,2
SIO02-3,49.42971038818359,11.10018920898438,345.66665649414062,0.300000,0.700000,2
SIO02-3,49.42971038818359,11.10018920898438,345.83331298828125,0.300000,0.700000,2
SIO02-3,49.42971038818359,11.10018920898438,345.83331298828125,0.300000,0.700000,2
SIO02-3,49.42971038818359,11.10019016265869,346.00000000000000,0.300000,0.700000,2
SIO02-3,49.42971038818359,11.10019016265869,346.00000000000000,0.300000,0.700000,2
SIO02-3,49.42971038818359,11.10019016265869,346.16665649414062,0.300000,0.700000,2
SIO02-3,49.42971038818359,11.10019016265869,346.16665649414062,0.300000,0.700000,2
SIO02-3,49.42971420288086,11.10019111633301,346.33334350585938,0.300000,0.700000,2
SIO02-3,49.42971420288086,11.10019111633301,346.33334350585938,0.300000,0.700000,2
SIO02-3,49.42971420288086,11.10019111633301,346.50000000000000,0.300000,0.700000,2
SIO02-3,49.42971420288086,11.10019111633301,346.50000000000000,0.300000,0.700000,2
SIO02-3,49.42971420288086,11.10019111633301,346.66665649414062,0.300000,0.700000,2
SIO02-3,49.42971420288086,11.10019111633301,346.66665649414062,0.300000,0.700000,2
SIO02-3,49.42971420288086,11.10019207000732,346.83331298828125,0.300000,0.700000,2
SIO02-3,49.42971420288086,11.10019207000732,346.83331298828125,0.300000,0.700000,2
SIO02-3,49.42971420288086,11.10019207000732,347.00000000000000,0.300000,0.700000,2
SIO02-3,49.42971420288086,11.10019207000732,347.00000000000000,0.300000,0.700000,2
SIO02-3,49.42971420288086,11.10019207000732,347.16665649414062,0.300000,0.700000,2
SIO02-3,49.42971420288086,11.10019207000732,347.16665649414062,0.300000,0.700000,2
SIO02-3,49.42971420288086,11.10019207000732,347.33334350585938,0.300000,0.700000,2
SIO02-3,49.42971420288086,11.10019207000732,347.33334350585938,0.300000,0.700000,2
SIO02-3,49.42971420288086,11.10019302368164,347.50000000000000,0.300000,0.700000,2
SIO02-3,49.42971420288086,11.10019302368164,347.50000000000000,0.300000,0.700000,2
SIO02-3,49.42971420288086,11.10019302368164,347.66665649414062,0.300000,0.700000,2
SIO02-3,49.42971420288086,11.10019302368164,347.66665649414062,0.400000,0.700000,2
SIO02-3,49.42971420288086,11.10019302368164,347.83331298828125,0.400000,0.800000,2
SIO02-3,49.42971420288086,11.10019302368164,347.83331298828125,0.400000,0.800000,2
SIO02-3,49.42971420288086,11.10019302368164,347.83331298828125,0.400000,0.800000,2
SIO02-3,49.42971420288086,11.10019302368164,347.83331298828125,0.400000,0.800000,2
SIO02-3,49.42971420288086,11.10019302368164,348.00000000000000,0.400000,0.800000,2
SIO02-3,49.42971420288086,11.10019302368164,348.00000000000000,0.400000,0.800000,2
SIO02-3,49.42971420288086,11.10019302368164,348.00000000000000,0.400000,0.800000,2
SIO02-3,49.42971420288086,11.10019302368164,348.00000000000000,0.400000,0.800000,2
SIO02-3,49.42971420288086,11.10019493103027,348.00000000000000,0.400000,0.800000,2
SIO02-3,49.42971420288086,11.10019493103027,348.00000000000000,0.400000,0.800000,2
SIO02-3,49.42971420288086,11.10020160675049,348.16665649414062,0.400000,0.800000,2
SIO02-3,49.42971420288086,11.10020160675049,348.16665649414062,0.400000,0.800000,2
SIO02-3,49.42971801757812,11.10021209716797,348.33334350585938,0.400000,0.800000,2
SIO02-3,49.42971801757812,11.10021209716797,348.33334350585938,0.400000,0.800000,2
SIO02-3,49.42971801757812,11.10022354125977,348.33334350585938,0.400000,0.800000,2
SIO02-3,49.42971801757812,11.10022354125977,348.33334350585938,0.400000,0.800000,2
SIO02-3,49.42971801757812,11.10023593902588,348.33334350585938,0.400000,0.800000,2
SIO02-3,49.42971801757812,11.10023593902588,348.33334350585938,0.400000,0.800000,2
SIO02-3,49.42972183227539,11.10024642944336,348.16665649414062,0.400000,0.800000,2
SIO02-3,49.42972183227539,11.10024642944336,348.16665649414062,0.400000,0.800000,2
SIO02-3,49.42972564697266,11.10025501251221,348.16665649414062,0.400000,0.800000,2
SIO02-3,49.42972564697266,11.10025501251221,348.16665649414062,0.400000,0.800000,2
SIO02-3,49.42973327636719,11.10025882720947,348.16665649414062,0.400000,0.800000,2
SIO02-3,49.42973327636719,11.10025882720947,348.16665649414062,0.400000,0.800000,2
SIO02-3,49.42972946166992,11.10025787353516,348.00000000000000,0.400000,0.800000,2
SIO02-3,49.42972946166992,11.10025787353516,348.00000000000000,0.400000,0.800000,2
SIO02-3,49.42971420288086,11.10025691986084,347.66665649414062,0.400000,0.800000,2
SIO02-3,49.42971420288086,11.10025691986084,347.66665649414062,0.400000,0.800000,2
SIO02-3,49.42967987060547,11.10025978088379,347.66665649414062,0.400000,0.800000,2
SIO02-3,49.42967987060547,11.10025978088379,347.66665649414062,0.400000,0.800000,2
SIO02-3,49.42963027954102,11.10026741027832,347.66665649414062,0.400000,0.800000,2
SIO02-3,49.42963027954102,11.10026741027832,347.66665649414062,0.400000,0.800000,2
SIO02-3,49.42957687377930,11.10027790069580,347.66665649414062,0.400000,0.700000,2
SIO02-3,49.42957687377930,11.10027790069580,347.66665649414062,0.400000,0.700000,2
SIO02-3,49.42951583862305,11.10028934478760,347.66665649414062,0.400000,0.700000,2
SIO02-3,49.42951583862305,11.10028934478760,347.66665649414062,0.400000,0.700000,2
SIO02-3,49.42945861816406,11.10030174255371,347.83331298828125,0.400000,0.800000,2
SIO02-3,49.42940521240234,11.10031318664551,347.83331298828125,0.400000,0.800000,2
SIO02-3,49.42940521240234,11.10031318664551,347.83331298828125,0.400000,0.800000,2
SIO02-3,49.42935943603516,11.10032463073730,348.00000000000000,0.400000,0.800000,2
SIO02-3,49.42935943603516,11.10032463073730,348.00000000000000,0.400000,0.800000,2
SIO02-3,49.42932891845703,11.10033130645752,348.00000000000000,0.400000,0.800000,2
SIO02-3,49.42932891845703,11.10033130645752,348.00000000000000,0.400000,0.800000,2
SIO02-3,49.42930603027344,11.10032844543457,348.00000000000000,0.400000,0.800000,2
SIO02-3,49.42930603027344,11.10032844543457,348.00000000000000,0.400000,0.800000,2
SIO02-3,49.42929077148438,11.10031127929688,347.66665649414062,0.400000,0.800000,2
SIO02-3,49.42929077148438,11.10031127929688,347.66665649414062,0.400000,0.800000,2
SIO02-3,49.42928695678711,11.10029315948486,347.50000000000000,0.400000,0.900000,2
SIO02-3,49.42928695678711,11.10029315948486,347.50000000000000,0.400000,0.900000,2
SIO02-3,49.42928314208984,11.10028171539307,347.16665649414062,0.400000,0.900000,2
SIO02-3,49.42928314208984,11.10028171539307,347.16665649414062,0.400000,0.900000,2
SIO02-3,49.42928314208984,11.10027599334717,347.16665649414062,0.500000,0.900000,2
SIO02-3,49.42928314208984,11.10027599334717,347.16665649414062,0.500000,0.900000,2
SIO02-3,49.42928314208984,11.10027313232422,347.16665649414062,0.500000,0.900000,2
SIO02-3,49.42928314208984,11.10027313232422,347.16665649414062,0.500000,0.900000,2
SIO02-3,49.42927932739258,11.10027027130127,347.16665649414062,0.500000,0.900000,2
SIO02-3,49.42927932739258,11.10027027130127,347.16665649414062,0.500000,0.900000,2
SIO02-3,49.42928314208984,11.10026836395264,347.00000000000000,0.500000,0.900000,2
SIO02-3,49.42928314208984,11.10026836395264,347.00000000000000,0.500000,0.900000,2
SIO02-3,49.42928314208984,11.10026741027832,347.00000000000000,0.500000,0.900000,2
SIO02-3,49.42928314208984,11.10026741027832,347.00000000000000,0.500000,0.900000,2
SIO02-3,49.42928314208984,11.10026645660400,347.00000000000000,0.500000,0.900000,2
SIO02-3,49.42928314208984,11.10026645660400,347.00000000000000,0.500000,0.900000,2
SIO02-3,49.42928314208984,11.10026550292969,346.83331298828125,0.500000,0.800000,2
SIO02-3,49.42928314208984,11.10026550292969,346.83331298828125,0.500000,0.800000,2
SIO02-3,49.42928314208984,11.10026454925537,346.83331298828125,0.500000,0.800000,2
SIO02-3,49.42928314208984,11.10026454925537,346.83331298828125,0.500000,0.800000,2
SIO02-3,49.42927932739258,11.10026264190674,346.66665649414062,0.500000,0.800000,2
SIO02-3,49.42927932739258,11.10026264190674,346.66665649414062,0.500000,0.800000,2
SIO02-3,49.42927932739258,11.10026073455811,346.50000000000000,0.500000,0.800000,2
SIO02-3,49.42927932739258,11.10026073455811,346.50000000000000,0.500000,0.800000,2
SIO02-3,49.42927932739258,11.10025978088379,346.33334350585938,0.500000,0.800000,2
SIO02-3,49.42927932739258,11.10025978088379,346.33334350585938,0.500000,0.800000,2
SIO02-3,49.42927932739258,11.10025787353516,346.16665649414062,0.500000,0.800000,2
SIO02-3,49.42927932739258,11.10025787353516,346.16665649414062,0.500000,0.800000,2
SIO02-3,49.42927932739258,11.10025596618652,346.16665649414062,0.500000,0.800000,2
SIO02-3,49.42927932739258,11.10025596618652,346.16665649414062,0.500000,0.800000,2
SIO02-3,49.42927932739258,11.10025405883789,346.00000000000000,0.500000,0.800000,2
SIO02-3,49.42927932739258,11.10025405883789,346.00000000000000,0.500000,0.800000,2
SIO02-3,49.42927932739258,11.10025215148926,346.00000000000000,0.500000,0.800000,2
SIO02-3,49.42927932739258,11.10025215148926,346.00000000000000,0.500000,0.800000,2
SIO02-3,49.42927932739258,11.10025024414062,345.83331298828125,0.500000,0.800000,2
SIO02-3,49.42927932739258,11.10025024414062,345.83331298828125,0.500000,0.800000,2
SIO02-3,49.42927932739258,11.10024929046631,345.66665649414062,0.500000,0.800000,2
SIO02-3,49.42927932739258,11.10024929046631,345.66665649414062,0.500000,0.800000,2
SIO02-3,49.42927932739258,11.10024738311768,345.50000000000000,0.500000,0.800000,2
SIO02-3,49.42927932739258,11.10024738311768,345.50000000000000,0.500000,0.800000,2
SIO02-3,49.42927932739258,11.10024642944336,345.33334350585938,0.500000,0.800000,2
SIO02-3,49.42927932739258,11.10024642944336,345.33334350585938,0.500000,0.800000,2
SIO02-3,49.42927932739258,11.10024452209473,345.16665649414062,0.500000,0.800000,2
SIO02-3,49.42927932739258,11.10024452209473,345.16665649414062,0.500000,0.800000,2
SIO02-3,49.42927932739258,11.10024356842041,345.00000000000000,0.500000,0.800000,2
SIO02-3,49.42927932739258,11.10024356842041,345.00000000000000,0.500000,0.800000,2
SIO02-3,49.42927932739258,11.10024261474609,344.83331298828125,0.500000,0.800000,2
SIO02-3,49.42927932739258,11.10024261474609,344.83331298828125,0.500000,0.800000,2
SIO02-3,49.42927932739258,11.10024166107178,344.83331298828125,0.500000,0.800000,2
SIO02-3,49.42927932739258,11.10024166107178,344.83331298828125,0.500000,0.800000,2
SIO02-3,49.42927932739258,11.10024070739746,344.83331298828125,0.500000,0.800000,2
SIO02-3,49.42927932739258,11.10024070739746,344.83331298828125,0.500000,0.800000,2
SIO02-3,49.42927932739258,11.10023975372314,344.83331298828125,0.500000,0.800000,2
SIO02-3,49.42927932739258,11.10023975372314,344.83331298828125,0.500000,0.800000,2
SIO02-3,49.42927932739258,11.10023880004883,344.83331298828125,0.500000,0.800000,2
SIO02-3,49.42927932739258,11.10023880004883,344.83331298828125,0.500000,0.800000,2
SIO02-3,49.42927932739258,11.10023784637451,344.83331298828125,0.500000,0.800000,2
SIO02-3,49.42927932739258,11.10023784637451,344.83331298828125,0.500000,0.800000,2
SIO02-3,49.42927932739258,11.10023689270020,344.83331298828125,0.500000,0.800000,2
SIO02-3,49.42927932739258,11.10023689270020,344.83331298828125,0.500000,0.800000,2
SIO02-3,49.42927932739258,11.10023593902588,344.83331298828125,0.500000,0.800000,2
SIO02-3,49.42927932739258,11.10023593902588,344.83331298828125,0.500000,0.800000,2
SIO02-3,49.42927932739258,11.10023593902588,344.66668701171875,0.500000,0.800000,2
SIO02-3,49.42927932739258,11.10023593902588,344.66668701171875,0.500000,0.800000,2
SIO02-3,49.42927932739258,11.10023498535156,344.66668701171875,0.500000,0.800000,2
SIO02-3,49.42927932739258,11.10023498535156,344.66668701171875,0.500000,0.800000,2
SIO02-3,49.42927932739258,11.10023498535156,344.83331298828125,0.500000,0.800000,2
SIO02-3,49.42927932739258,11.10023498535156,344.83331298828125,0.500000,0.800000,2
SIO02-3,49.42927932739258,11.10023403167725,344.83331298828125,0.500000,0.800000,2
SIO02-3,49.42927932739258,11.10023403167725,344.83331298828125,0.500000,0.800000,2
SIO02-3,49.42927932739258,11.10023403167725,344.66668701171875,0.500000,0.800000,2
SIO02-3,49.42927932739258,11.10023403167725,344.66668701171875,0.500000,0.800000,2
SIO02-3,49.42927932739258,11.10023307800293,344.66668701171875,0.500000,0.800000,2
SIO02-3,49.42927932739258,11.10023307800293,344.66668701171875,0.500000,0.800000,2
SIO02-3,49.42927932739258,11.10023307800293,344.66668701171875,0.500000,0.800000,2
SIO02-3,49.42927932739258,11.10023307800293,344.66668701171875,0.500000,0.800000,2
SIO02-3,49.42927932739258,11.10023212432861,344.66668701171875,0.500000,0.800000,2
SIO02-3,49.42927932739258,11.10023212432861,344.66668701171875,0.500000,0.800000,2
SIO02-3,49.42927932739258,11.10023212432861,344.66668701171875,0.500000,0.800000,2
SIO02-3,49.42927932739258,11.10023212432861,344.66668701171875,0.500000,0.800000,2
SIO02-3,49.42927932739258,11.10023212432861,344.66668701171875,0.500000,0.800000,2
SIO02-3,49.42927932739258,11.10023212432861,344.66668701171875,0.500000,0.800000,2
SIO02-3,49.42927932739258,11.10023212432861,344.66668701171875,0.500000,0.800000,2
SIO02-3,49.42927932739258,11.10023212432861,344.66668701171875,0.500000,0.800000,2
SIO02-3,49.42927551269531,11.10023212432861,344.66668701171875,0.500000,0.800000,2
SIO02-3,49.42927551269531,11.10023212432861,344.66668701171875,0.500000,0.800000,2
SIO02-3,49.42927551269531,11.10023212432861,344.66668701171875,0.500000,0.800000,2
SIO02-3,49.42927551269531,11.10023212432861,344.66668701171875,0.500000,0.800000,2
SIO02-3,49.42927551269531,11.10023212432861,344.66668701171875,0.500000,0.800000,2
SIO02-3,49.42927551269531,11.10023212432861,344.66668701171875,0.500000,0.800000,2
SIO02-3,49.42927551269531,11.10023117065430,344.66668701171875,0.600000,0.800000,2
SIO02-3,49.42927551269531,11.10023117065430,344.66668701171875,0.600000,0.800000,2
SIO02-3,49.42927551269531,11.10023117065430,344.66668701171875,0.600000,0.800000,2
SIO02-3,49.42927551269531,11.10023117065430,344.66668701171875,0.600000,0.800000,2
SIO02-3,49.42927551269531,11.10023117065430,344.66668701171875,0.600000,0.800000,2
SIO02-3,49.42927551269531,11.10023117065430,344.66668701171875,0.600000,0.800000,2
SIO02-3,49.42927551269531,11.10023021697998,344.66668701171875,0.600000,0.800000,2
SIO02-3,49.42927551269531,11.10023021697998,344.66668701171875,0.600000,0.800000,2
SIO02-3,49.42927551269531,11.10023021697998,344.66668701171875,0.600000,0.800000,2
SIO02-3,49.42927551269531,11.10023021697998,344.66668701171875,0.600000,0.800000,2
SIO02-3,49.42927551269531,11.10023021697998,344.83331298828125,0.500000,0.800000,2
SIO02-3,49.42927551269531,11.10023021697998,344.83331298828125,0.500000,0.800000,2
SIO02-3,49.42927551269531,11.10023021697998,344.83331298828125,0.500000,0.800000,2
SIO02-3,49.42927551269531,11.10023021697998,344.83331298828125,0.500000,0.800000,2
SIO02-3,49.42927551269531,11.10023021697998,345.00000000000000,0.500000,0.800000,2
SIO02-3,49.42927551269531,11.10023021697998,345.00000000000000,0.500000,0.800000,2
SIO02-3,49.42927551269531,11.10023021697998,345.00000000000000,0.500000,0.800000,2
SIO02-3,49.42927551269531,11.10023021697998,345.00000000000000,0.500000,0.800000,2
SIO02-3,49.42927551269531,11.10023021697998,345.00000000000000,0.500000,0.800000,2
SIO02-3,49.42927551269531,11.10023021697998,345.00000000000000,0.500000,0.800000,2
SIO02-3,49.42927551269531,11.10023403167725,344.83331298828125,0.500000,0.800000,2
SIO02-3,49.42927551269531,11.10023403167725,344.83331298828125,0.500000,0.800000,2
SIO02-3,49.42927551269531,11.10024452209473,345.33334350585938,0.600000,0.800000,2
SIO02-3,49.42927551269531,11.10024452209473,345.33334350585938,0.600000,0.800000,2
SIO02-3,49.42927551269531,11.10025596618652,345.50000000000000,0.600000,0.800000,2
SIO02-3,49.42927551269531,11.10025596618652,345.50000000000000,0.600000,0.800000,2
SIO02-3,49.42927932739258,11.10026836395264,345.83331298828125,0.600000,0.900000,2
SIO02-3,49.42927932739258,11.10026836395264,345.83331298828125,0.600000,0.900000,2
SIO02-3,49.42928314208984,11.10027980804443,346.00000000000000,0.600000,0.900000,2
SIO02-3,49.42928314208984,11.10027980804443,346.00000000000000,0.600000,0.900000,2
SIO02-3,49.42928314208984,11.10028266906738,346.33334350585938,0.600000,0.900000,2
SIO02-3,49.42928314208984,11.10028266906738,346.33334350585938,0.600000,0.900000,2
SIO02-3,49.42927169799805,11.10027313232422,346.16665649414062,0.600000,0.900000,2
SIO02-3,49.42927169799805,11.10027313232422,346.16665649414062,0.600000,0.900000,2
SIO02-3,49.42924499511719,11.10026168823242,346.33334350585938,0.600000,0.900000,2
SIO02-3,49.42924499511719,11.10026168823242,346.33334350585938,0.600000,0.900000,2
SIO02-3,49.42920684814453,11.10025787353516,346.16665649414062,0.600000,0.900000,2
SIO02-3,49.42916488647461,11.10026264190674,346.16665649414062,0.600000,0.900000,2
SIO02-3,49.42916488647461,11.10026264190674,346.16665649414062,0.600000,0.900000,2
SIO02-3,49.42912292480469,11.10027408599854,346.50000000000000,0.600000,0.900000,2
SIO02-3,49.42912292480469,11.10027408599854,346.50000000000000,0.600000,0.900000,2
SIO02-3,49.42908096313477,11.10028743743896,346.50000000000000,0.600000,0.900000,2
SIO02-3,49.42908096313477,11.10028743743896,346.50000000000000,0.600000,0.900000,2
SIO02-3,49.42904663085938,11.10030746459961,346.66665649414062,0.600000,0.900000,2
SIO02-3,49.42904663085938,11.10030746459961,346.66665649414062,0.600000,0.900000,2
SIO02-3,49.42901611328125,11.10033798217773,347.16665649414062,0.700000,1.000000,2
SIO02-3,49.42901611328125,11.10033798217773,347.16665649414062,0.700000,1.000000,2
SIO02-3,49.42900085449219,11.10037422180176,347.16665649414062,0.600000,1.000000,2
SIO02-3,49.42900085449219,11.10037422180176,347.16665649414062,0.600000,1.000000,2
SIO02-3,49.42898941040039,11.10041713714600,347.33334350585938,0.600000,1.000000,2
SIO02-3,49.42898941040039,11.10041713714600,347.33334350585938,0.600000,1.000000,2
SIO02-3,49.42898941040039,11.10046100616455,347.16665649414062,0.600000,1.000000,2
SIO02-3,49.42898941040039,11.10046100616455,347.16665649414062,0.600000,1.000000,2
SIO02-3,49.42899322509766,11.10050868988037,346.66665649414062,0.500000,0.900000,2
SIO02-3,49.42899322509766,11.10050868988037,346.66665649414062,0.500000,0.900000,2
SIO02-3,49.42899703979492,11.10056591033936,346.50000000000000,0.500000,0.900000,2
SIO02-3,49.42899703979492,11.10056591033936,346.50000000000000,0.500000,0.900000,2
SIO02-3,49.42900085449219,11.10062789916992,346.16665649414062,0.400000,0.800000,2
SIO02-3,49.42900085449219,11.10062789916992,346.16665649414062,0.400000,0.800000,2
SIO02-3,49.42900085449219,11.10069274902344,345.83331298828125,0.400000,0.800000,2
SIO02-3,49.42900085449219,11.10069274902344,345.83331298828125,0.400000,0.800000,2
SIO02-3,49.42900085449219,11.10075950622559,345.50000000000000,0.400000,0.800000,2
SIO02-3,49.42900085449219,11.10075950622559,345.50000000000000,0.400000,0.800000,2
SIO02-3,49.42900848388672,11.10082530975342,345.16665649414062,0.400000,0.800000,2
SIO02-3,49.42900848388672,11.10082530975342,345.16665649414062,0.400000,0.800000,2
SIO02-3,49.42901992797852,11.10089015960693,345.00000000000000,0.400000,0.800000,2
SIO02-3,49.42901992797852,11.10089015960693,345.00000000000000,0.400000,0.800000,2
SIO02-3,49.42903900146484,11.10094833374023,344.83331298828125,0.400000,0.800000,2
SIO02-3,49.42903900146484,11.10094833374023,344.83331298828125,0.400000,0.800000,2
SIO02-3,49.42907333374023,11.10099124908447,344.50000000000000,0.400000,0.800000,2
SIO02-3,49.42907333374023,11.10099124908447,344.50000000000000,0.400000,0.800000,2
SIO02-3,49.42911529541016,11.10101413726807,344.33334350585938,0.400000,0.800000,2
SIO02-3,49.42911529541016,11.10101413726807,344.33334350585938,0.400000,0.800000,2
SIO02-3,49.42916488647461,11.10101985931396,344.16665649414062,0.400000,0.800000,2
SIO02-3,49.42916488647461,11.10101985931396,344.16665649414062,0.400000,0.800000,2
SIO02-3,49.42921829223633,11.10101604461670,344.00000000000000,0.400000,0.700000,2
SIO02-3,49.42921829223633,11.10101604461670,344.00000000000000,0.400000,0.700000,2
SIO02-3,49.42927169799805,11.10101032257080,343.83331298828125,0.400000,0.700000,2
SIO02-3,49.42927169799805,11.10101032257080,343.83331298828125,0.400000,0.700000,2
SIO02-3,49.42932510375977,11.10100364685059,343.66668701171875,0.400000,0.700000,2
SIO02-3,49.42932510375977,11.10100364685059,343.66668701171875,0.400000,0.700000,2
SIO02-3,49.42937850952148,11.10099506378174,343.66668701171875,0.400000,0.700000,2
SIO02-3,49.42937850952148,11.10099506378174,343.66668701171875,0.400000,0.700000,2
SIO02-3,49.42943191528320,11.10098648071289,343.33334350585938,0.400000,0.700000,2
SIO02-3,49.42943191528320,11.10098648071289,343.33334350585938,0.400000,0.700000,2
SIO02-3,49.42948532104492,11.10097694396973,343.16665649414062,0.400000,0.700000,2
SIO02-3,49.42948532104492,11.10097694396973,343.16665649414062,0.400000,0.700000,2
SIO02-3,49.42953872680664,11.10096645355225,343.00000000000000,0.400000,0.700000,2
SIO02-3,49.42953872680664,11.10096645355225,343.00000000000000,0.400000,0.700000,2
SIO02-3,49.42958831787109,11.10095691680908,342.83331298828125,0.400000,0.700000,2
SIO02-3,49.42958831787109,11.10095691680908,342.83331298828125,0.400000,0.700000,2
SIO02-3,49.42963790893555,11.10094738006592,342.66668701171875,0.400000,0.700000,2
SIO02-3,49.42963790893555,11.10094738006592,342.66668701171875,0.400000,0.700000,2
SIO02-3,49.42967987060547,11.10094070434570,342.66668701171875,0.400000,0.700000,2
SIO02-3,49.42967987060547,11.10094070434570,342.66668701171875,0.400000,0.700000,2
SIO02-3,49.42971801757812,11.10093498229980,342.50000000000000,0.400000,0.700000,2
SIO02-3,49.42971801757812,11.10093498229980,342.50000000000000,0.400000,0.700000,2
SIO02-3,49.42974472045898,11.10092926025391,342.50000000000000,0.400000,0.700000,2
SIO02-3,49.42974472045898,11.10092926025391,342.50000000000000,0.400000,0.700000,2
SIO02-3,49.42977523803711,11.10092449188232,342.33334350585938,0.400000,0.700000,2
SIO02-3,49.42977523803711,11.10092449188232,342.33334350585938,0.400000,0.700000,2
SIO02-3,49.42980194091797,11.10092735290527,342.50000000000000,0.400000,0.700000,2
SIO02-3,49.42980194091797,11.10092735290527,342.50000000000000,0.400000,0.700000,2
SIO02-3,49.42982101440430,11.10094356536865,342.33334350585938,0.400000,0.700000,2
SIO02-3,49.42982101440430,11.10094356536865,342.33334350585938,0.400000,0.700000,2
SIO02-3,49.42982864379883,11.10097122192383,342.33334350585938,0.400000,0.700000,2
SIO02-3,49.42982864379883,11.10097122192383,342.33334350585938,0.400000,0.700000,2
SIO02-3,49.42983245849609,11.10100269317627,342.33334350585938,0.400000,0.700000,2
SIO02-3,49.42983245849609,11.10100269317627,342.33334350585938,0.400000,0.700000,2
SIO02-3,49.42983245849609,11.10102939605713,342.33334350585938,0.400000,0.700000,2
SIO02-3,49.42983245849609,11.10102939605713,342.33334350585938,0.400000,0.700000,2
SIO02-3,49.42983245849609,11.10105419158936,342.50000000000000,0.400000,0.700000,2
SIO02-3,49.42983245849609,11.10105419158936,342.50000000000000,0.400000,0.700000,2
SIO02-3,49.42983627319336,11.10109329223633,342.50000000000000,0.400000,0.700000,2
SIO02-3,49.42983627319336,11.10109329223633,342.50000000000000,0.400000,0.700000,2
SIO02-3,49.42984008789062,11.10114955902100,342.50000000000000,0.400000,0.700000,2
SIO02-3,49.42984008789062,11.10114955902100,342.50000000000000,0.400000,0.700000,2
SIO02-3,49.42984390258789,11.10121250152588,342.50000000000000,0.400000,0.700000,2
SIO02-3,49.42984390258789,11.10121250152588,342.50000000000000,0.400000,0.700000,2
SIO02-3,49.42985153198242,11.10127735137939,342.50000000000000,0.400000,0.700000,2
SIO02-3,49.42985153198242,11.10127735137939,342.50000000000000,0.400000,0.700000,2
SIO02-3,49.42985153198242,11.10133934020996,342.33334350585938,0.400000,0.700000,2
SIO02-3,49.42985153198242,11.10133934020996,342.33334350585938,0.400000,0.700000,2
SIO02-3,49.42985153198242,11.10139656066895,342.33334350585938,0.400000,0.700000,2
SIO02-3,49.42985153198242,11.10139656066895,342.33334350585938,0.400000,0.700000,2
SIO02-3,49.42985534667969,11.10144901275635,342.50000000000000,0.400000,0.700000,2
SIO02-3,49.42985534667969,11.10144901275635,342.50000000000000,0.400000,0.700000,2
SIO02-3,49.42985916137695,11.10149478912354,342.50000000000000,0.400000,0.800000,2
SIO02-3,49.42985916137695,11.10149478912354,342.50000000000000,0.400000,0.800000,2
SIO02-3,49.42987823486328,11.10152912139893,342.16665649414062,0.400000,0.800000,2
SIO02-3,49.42987823486328,11.10152912139893,342.16665649414062,0.400000,0.800000,2
SIO02-3,49.42990493774414,11.10154914855957,341.83334350585938,0.500000,0.900000,2
SIO02-3,49.42990493774414,11.10154914855957,341.83334350585938,0.500000,0.900000,2
SIO02-3,49.42993545532227,11.10155677795410,341.66668701171875,0.500000,1.000000,2
SIO02-3,49.42993545532227,11.10155677795410,341.66668701171875,0.500000,1.000000,2
SIO02-3,49.42996978759766,11.10155487060547,341.33334350585938,0.500000,1.100000,2
SIO02-3,49.42996978759766,11.10155487060547,341.33334350585938,0.500000,1.100000,2
SIO02-3,49.43000793457031,11.10154914855957,341.66668701171875,0.500000,1.200000,2
SIO02-3,49.43000793457031,11.10154914855957,341.66668701171875,0.500000,1.200000,2
SIO02-3,49.43004226684570,11.10154342651367,341.83334350585938,0.500000,1.200000,2
SIO02-3,49.43004226684570,11.10154342651367,341.83334350585938,0.500000,1.200000,2
SIO02-3,49.43007659912109,11.10153770446777,341.50000000000000,0.600000,1.300000,2
SIO02-3,49.43007659912109,11.10153770446777,341.50000000000000,0.600000,1.300000,2
SIO02-3,49.43011093139648,11.10153293609619,341.00000000000000,0.600000,1.300000,2
SIO02-3,49.43011093139648,11.10153293609619,341.00000000000000,0.600000,1.300000,2
SIO02-3,49.43014144897461,11.10153007507324,339.66668701171875,0.600000,1.300000,2
SIO02-3,49.43014144897461,11.10153007507324,339.66668701171875,0.600000,1.300000,2
SIO02-3,49.43016433715820,11.10152626037598,339.16665649414062,0.600000,1.300000,2
SIO02-3,49.43016433715820,11.10152626037598,339.16665649414062,0.600000,1.300000,2
SIO02-3,49.43019104003906,11.10151863098145,338.83334350585938,0.600000,1.300000,2
SIO02-3,49.43019104003906,11.10151863098145,338.83334350585938,0.600000,1.300000,2
SIO02-3,49.43021392822266,11.10149955749512,339.00000000000000,0.600000,1.300000,2
SIO02-3,49.43021392822266,11.10149955749512,339.00000000000000,0.600000,1.300000,2
SIO02-3,49.43022537231445,11.10146331787109,339.83334350585938,0.600000,1.300000,2
SIO02-3,49.43022537231445,11.10146331787109,339.83334350585938,0.600000,1.300000,2
SIO02-3,49.43023300170898,11.10141849517822,339.33334350585938,0.600000,1.300000,2
SIO02-3,49.43023300170898,11.10141849517822,339.33334350585938,0.600000,1.300000,2
SIO02-3,49.43022537231445,11.10136985778809,340.33334350585938,0.600000,1.300000,2
SIO02-3,49.43022537231445,11.10136985778809,340.33334350585938,0.600000,1.300000,2
SIO02-3,49.43020248413086,11.10132789611816,342.16665649414062,0.600000,1.200000,2
SIO02-3,49.43020248413086,11.10132789611816,342.16665649414062,0.600000,1.200000,2
SIO02-3,49.43016815185547,11.10130977630615,343.50000000000000,0.500000,1.100000,2
SIO02-3,49.43016815185547,11.10130977630615,343.50000000000000,0.500000,1.100000,2
SIO02-3,49.43013000488281,11.10130882263184,344.33334350585938,0.500000,1.100000,2
SIO02-3,49.43013000488281,11.10130882263184,344.33334350585938,0.500000,1.100000,2
SIO02-3,49.43008804321289,11.10131454467773,345.00000000000000,0.500000,1.000000,2
SIO02-3,49.43008804321289,11.10131454467773,345.00000000000000,0.500000,1.000000,2
SIO02-3,49.43004226684570,11.10132122039795,345.83331298828125,0.500000,1.000000,2
SIO02-3,49.43004226684570,11.10132122039795,345.83331298828125,0.500000,1.000000,2
SIO02-3,49.42998886108398,11.10132980346680,346.33334350585938,0.500000,1.000000,2
SIO02-3,49.42998886108398,11.10132980346680,346.33334350585938,0.500000,1.000000,2
SIO02-3,49.42993545532227,11.10133934020996,346.66665649414062,0.500000,0.900000,2
SIO02-3,49.42988586425781,11.10134887695312,346.83331298828125,0.500000,0.900000,2
SIO02-3,49.42988586425781,11.10134887695312,346.83331298828125,0.400000,0.900000,2
SIO02-3,49.42983245849609,11.10135841369629,347.00000000000000,0.400000,0.900000,2
SIO02-3,49.42983245849609,11.10135841369629,347.00000000000000,0.400000,0.900000,2
SIO02-3,49.42977523803711,11.10136699676514,347.00000000000000,0.400000,0.900000,2
SIO02-3,49.42977523803711,11.10136699676514,347.00000000000000,0.400000,0.900000,2
SIO02-3,49.42972183227539,11.10137462615967,347.00000000000000,0.400000,0.900000,2
SIO02-3,49.42972183227539,11.10137462615967,347.00000000000000,0.400000,0.900000,2
SIO02-3,49.42966842651367,11.10138320922852,347.16665649414062,0.400000,0.800000,2
SIO02-3,49.42966842651367,11.10138320922852,347.16665649414062,0.400000,0.800000,2
SIO02-3,49.42961883544922,11.10139274597168,347.16665649414062,0.400000,0.800000,2
SIO02-3,49.42961883544922,11.10139274597168,347.16665649414062,0.400000,0.800000,2
SIO02-3,49.42956542968750,11.10140323638916,347.16665649414062,0.400000,0.800000,2
SIO02-3,49.42956542968750,11.10140323638916,347.16665649414062,0.400000,0.800000,2
SIO02-3,49.42951202392578,11.10141468048096,347.33334350585938,0.400000,0.800000,2
SIO02-3,49.42951202392578,11.10141468048096,347.33334350585938,0.400000,0.800000,2
SIO02-3,49.42945861816406,11.10142707824707,347.83331298828125,0.400000,0.800000,2
SIO02-3,49.42945861816406,11.10142707824707,347.83331298828125,0.400000,0.800000,2
SIO02-3,49.42940521240234,11.10143852233887,348.00000000000000,0.400000,0.800000,2
SIO02-3,49.42940521240234,11.10143852233887,348.00000000000000,0.400000,0.800000,2
SIO02-3,49.42935562133789,11.10144996643066,348.00000000000000,0.400000,0.800000,2
SIO02-3,49.42935562133789,11.10144996643066,348.00000000000000,0.400000,0.800000,2
SIO02-3,49.42930603027344,11.10145950317383,347.83331298828125,0.400000,0.800000,2
SIO02-3,49.42930603027344,11.10145950317383,347.83331298828125,0.400000,0.800000,2
SIO02-3,49.42925643920898,11.10146903991699,347.66665649414062,0.400000,0.800000,2
SIO02-3,49.42925643920898,11.10146903991699,347.66665649414062,0.400000,0.800000,2
SIO02-3,49.42921066284180,11.10147762298584,347.33334350585938,0.400000,0.800000,2
SIO02-3,49.42921066284180,11.10147762298584,347.33334350585938,0.400000,0.800000,2
SIO02-3,49.42916870117188,11.10148715972900,347.00000000000000,0.400000,0.800000,2
SIO02-3,49.42916870117188,11.10148715972900,347.00000000000000,0.400000,0.800000,2
SIO02-3,49.42913436889648,11.10149478912354,346.66665649414062,0.400000,0.800000,2
SIO02-3,49.42913436889648,11.10149478912354,346.66665649414062,0.400000,0.800000,2
SIO02-3,49.42910385131836,11.10149860382080,346.16665649414062,0.400000,0.800000,2
SIO02-3,49.42910385131836,11.10149860382080,346.16665649414062,0.400000,0.800000,2
SIO02-3,49.42908096313477,11.10149288177490,345.50000000000000,0.400000,0.800000,2
SIO02-3,49.42908096313477,11.10149288177490,345.50000000000000,0.400000,0.800000,2
SIO02-3,49.42906570434570,11.10147094726562,345.16665649414062,0.400000,0.800000,2
SIO02-3,49.42906570434570,11.10147094726562,345.16665649414062,0.400000,0.800000,2
SIO02-3,49.42905807495117,11.10143947601318,344.66668701171875,0.400000,0.800000,2
SIO02-3,49.42905807495117,11.10143947601318,344.66668701171875,0.400000,0.800000,2
SIO02-3,49.42905807495117,11.10140514373779,344.66668701171875,0.400000,0.800000,2
SIO02-3,49.42905807495117,11.10140514373779,344.66668701171875,0.400000,0.800000,2
SIO02-3,49.42906570434570,11.10137271881104,344.33334350585938,0.400000,0.800000,2
SIO02-3,49.42906570434570,11.10137271881104,344.33334350585938,0.400000,0.800000,2
SIO02-3,49.42907714843750,11.10134220123291,343.66668701171875,0.400000,0.800000,2
SIO02-3,49.42907714843750,11.10134220123291,343.66668701171875,0.400000,0.800000,2
SIO02-3,49.42909622192383,11.10131072998047,343.33334350585938,0.400000,0.800000,2
SIO02-3,49.42909622192383,11.10131072998047,343.33334350585938,0.400000,0.800000,2
SIO02-3,49.42912292480469,11.10128307342529,343.00000000000000,0.400000,0.700000,2
SIO02-3,49.42912292480469,11.10128307342529,343.00000000000000,0.400000,0.700000,2
SIO02-3,49.42916488647461,11.10126590728760,342.33334350585938,0.400000,0.700000,2
SIO02-3,49.42916488647461,11.10126590728760,342.33334350585938,0.400000,0.700000,2
SIO02-3,49.42921447753906,11.10125541687012,341.83334350585938,0.400000,0.700000,2
SIO02-3,49.42921447753906,11.10125541687012,341.83334350585938,0.400000,0.700000,2
SIO02-3,49.42926788330078,11.10124874114990,341.33334350585938,0.400000,0.700000,2
SIO02-3,49.42926788330078,11.10124874114990,341.33334350585938,0.400000,0.700000,2
SIO02-3,49.42931747436523,11.10124397277832,341.00000000000000,0.400000,0.700000,2
SIO02-3,49.42931747436523,11.10124397277832,341.00000000000000,0.400000,0.700000,2
SIO02-3,49.42936706542969,11.10123729705811,340.66668701171875,0.400000,0.700000,2
SIO02-3,49.42936706542969,11.10123729705811,340.66668701171875,0.400000,0.700000,2
SIO02-3,49.42942047119141,11.10122966766357,340.50000000000000,0.400000,0.700000,2
SIO02-3,49.42942047119141,11.10122966766357,340.50000000000000,0.400000,0.700000,2
SIO02-3,49.42947006225586,11.10122108459473,340.33334350585938,0.400000,0.700000,2
SIO02-3,49.42947006225586,11.10122108459473,340.33334350585938,0.400000,0.700000,2
SIO02-3,49.42951965332031,11.10121154785156,340.16665649414062,0.400000,0.700000,2
SIO02-3,49.42951965332031,11.10121154785156,340.16665649414062,0.400000,0.700000,2
SIO02-3,49.42956924438477,11.10120105743408,340.00000000000000,0.400000,0.700000,2
SIO02-3,49.42956924438477,11.10120105743408,340.00000000000000,0.400000,0.700000,2
SIO02-3,49.42961502075195,11.10119056701660,340.00000000000000,0.400000,0.700000,2
SIO02-3,49.42961502075195,11.10119056701660,340.00000000000000,0.400000,0.700000,2
SIO02-3,49.42966461181641,11.10118007659912,339.83334350585938,0.400000,0.700000,2
SIO02-3,49.42966461181641,11.10118007659912,339.83334350585938,0.400000,0.700000,2
SIO02-3,49.42971420288086,11.10116863250732,339.83334350585938,0.400000,0.700000,2
SIO02-3,49.42971420288086,11.10116863250732,339.83334350585938,0.400000,0.700000,2
SIO02-3,49.42975997924805,11.10115814208984,339.83334350585938,0.400000,0.700000,2
SIO02-3,49.42975997924805,11.10115814208984,339.83334350585938,0.400000,0.700000,2
SIO02-3,49.42980194091797,11.10114192962646,340.00000000000000,0.400000,0.700000,2
SIO02-3,49.42980194091797,11.10114192962646,340.00000000000000,0.400000,0.700000,2
SIO02-3,49.42983245849609,11.10111045837402,340.33334350585938,0.400000,0.700000,2
SIO02-3,49.42983245849609,11.10111045837402,340.33334350585938,0.400000,0.700000,2
SIO02-3,49.42984771728516,11.10106468200684,340.33334350585938,0.400000,0.700000,2
SIO02-3,49.42984771728516,11.10106468200684,340.33334350585938,0.400000,0.700000,2
SIO02-3,49.42985153198242,11.10101413726807,340.83334350585938,0.400000,0.700000,2
SIO02-3,49.42985153198242,11.10101413726807,340.83334350585938,0.400000,0.700000,2
SIO02-3,49.42984008789062,11.10096836090088,340.50000000000000,0.400000,0.700000,2
SIO02-3,49.42984008789062,11.10096836090088,340.50000000000000,0.400000,0.700000,2
SIO02-3,49.42981338500977,11.10093975067139,340.50000000000000,0.400000,0.700000,2
SIO02-3,49.42981338500977,11.10093975067139,340.50000000000000,0.400000,0.700000,2
SIO02-3,49.42977905273438,11.10092926025391,340.50000000000000,0.400000,0.700000,2
SIO02-3,49.42977905273438,11.10092926025391,340.50000000000000,0.400000,0.700000,2
SIO02-3,49.42973327636719,11.10093021392822,340.66668701171875,0.400000,0.700000,2
SIO02-3,49.42973327636719,11.10093021392822,340.66668701171875,0.400000,0.700000,2
SIO02-3,49.42968750000000,11.10093593597412,340.66668701171875,0.400000,0.700000,2
SIO02-3,49.42968750000000,11.10093593597412,340.66668701171875,0.400000,0.700000,2
SIO02-3,49.42965316772461,11.10094261169434,341.33334350585938,0.400000,0.700000,2
SIO02-3,49.42965316772461,11.10094261169434,341.33334350585938,0.400000,0.700000,2
SIO02-3,49.42962646484375,11.10095405578613,341.83334350585938,0.400000,0.700000,2
SIO02-3,49.42962646484375,11.10095405578613,341.83334350585938,0.400000,0.700000,2
SIO02-3,49.42960739135742,11.10097503662109,342.00000000000000,0.400000,0.700000,2
SIO02-3,49.42960739135742,11.10097503662109,342.00000000000000,0.400000,0.700000,2
SIO02-3,49.42960357666016,11.10100269317627,342.33334350585938,0.400000,0.700000,2
SIO02-3,49.42960357666016,11.10100269317627,342.33334350585938,0.400000,0.700000,2
SIO02-3,49.42960357666016,11.10102272033691,342.83331298828125,0.400000,0.700000,2
SIO02-3,49.42960357666016,11.10102272033691,342.83331298828125,0.400000,0.700000,2
SIO02-3,49.42960739135742,11.10103130340576,343.00000000000000,0.400000,0.700000,2
SIO02-3,49.42960739135742,11.10103130340576,343.00000000000000,0.400000,0.700000,2
SIO02-3,49.42960739135742,11.10103225708008,343.16665649414062,0.400000,0.700000,2
SIO02-3,49.42960739135742,11.10103225708008,343.16665649414062,0.400000,0.700000,2
SIO02-3,49.42960739135742,11.10103225708008,343.33334350585938,0.400000,0.700000,2
SIO02-3,49.42960739135742,11.10103225708008,343.33334350585938,0.400000,0.700000,2
SIO02-3,49.42960739135742,11.10103225708008,343.50000000000000,0.400000,0.700000,2
SIO02-3,49.42960739135742,11.10103225708008,343.50000000000000,0.400000,0.700000,2
SIO02-3,49.42960739135742,11.10103225708008,343.50000000000000,0.400000,0.700000,2
SIO02-3,49.42960739135742,11.10103225708008,343.50000000000000,0.400000,0.700000,2
SIO02-3,49.42960739135742,11.10103225708008,343.50000000000000,0.400000,0.700000,2
SIO02-3,49.42960739135742,11.10103225708008,343.50000000000000,0.400000,0.700000,2
SIO02-3,49.42960739135742,11.10103130340576,343.50000000000000,0.400000,0.700000,2
SIO02-3,49.42960739135742,11.10103130340576,343.50000000000000,0.400000,0.700000,2
